recordId,country,territory_code,ingestion_timestamp,mainland,population_count,batch_id,is_valid_record,mark,regular_count,date,amount_10_day,test_units,origin
acc6a9cf-d7ad-4c5d-a802-0c4f64b5ec73,Japan,JPN,02-01-2020 23.17,Asia,91469134,20200222_JPN_693,TRUE,not accepted cases,260,16-01-2020,,PCR,Digital surveillance
1f8056c5-9086-466a-a691-eddd781c3c50,France,FRA,13-01-2020 22.41,Europe,68206999,20200422_FRA_460,FALSE,accepted cases,1307,23-12-2020,2778.71,PCR,HealthMap
d16d10cb-603f-4485-bcbe-af41b4e95e9b,Japan,JPN,06-01-2020 12.06,Asia,170426318,20201105_JPN_271,TRUE,not accepted cases,4392,04-03-2020,3785.34,Rapid,HealthMap
f20f0a44-7d53-40a5-80f9-f88a6be30e2d,Spain,ESP,26-02-2020 11.36,Europe,56319488,20200124_ESP_678,TRUE,not accepted cases,653,29-04-2020,3801.26,Antigen,HealthMap
c656f1fb-bd06-4c0a-bce5-646200880940,United States,USA,24-01-2020 11.13,America,253871692,20201215_USA_664,TRUE,accepted cases,4375,05-05-2020,,Antigen,HealthMap
3ab4928e-1662-4ebf-b254-e6c262a46fa5,France,FRA,15-01-2020 21.20,Europe,82787280,20200129_FRA_235,TRUE,not accepted cases,3286,17-05-2020,,Rapid,HealthMap
5892e0d2-da6c-4eb4-b7fb-18a84481c84a,Canada,CAN,11-02-2020 15.25,America,53388072,20200822_CAN_147,FALSE,accepted cases,2020,14-10-2020,7470.14,Antigen,HealthMap
20b1013f-4d5f-4cc0-a1b5-f93c058f08ca,Kenya,KEN,15-01-2020 4.32,Africa,31773964,20200125_KEN_882,TRUE,accepted cases,1310,14-12-2020,635.28,Antigen,HealthMap
d04cf4c0-5d3b-48a7-81f3-050bdfefe93b,Germany,DEU,17-01-2020 17.55,Europe,98888796,20200228_DEU_699,FALSE,not accepted cases,913,30-05-2020,4537.24,Rapid,HealthMap
48804248-ac6c-4308-b83a-26149b25bf24,Germany,DEU,18-02-2020 5.32,Europe,50807489,20201116_DEU_306,TRUE,accepted cases,3063,23-03-2020,7786.26,Rapid,Digital surveillance
2533dddd-190b-443b-81af-7127b29b138a,Spain,ESP,21-01-2020 15.01,Europe,66817188,20200606_ESP_246,TRUE,accepted cases,4647,10-02-2020,,Antigen,Digital surveillance
1ca7377b-f2f4-4024-85e5-533a3000edb7,France,FRA,19-02-2020 4.08,Europe,63660105,20201008_FRA_170,FALSE,not accepted cases,1735,03-10-2020,6898.68,Rapid,HealthMap
9513dfa0-3876-44b6-857a-f39175aa0d2f,South Africa,ZAF,12-02-2020 20.23,Africa,83009277,20200819_ZAF_124,TRUE,accepted cases,524,22-06-2020,,Rapid,Digital surveillance
557271d4-cdf6-4117-a778-edfa0f6b1597,Italy,ITA,15-01-2020 0.04,Europe,68388550,20200427_ITA_070,TRUE,not accepted cases,580,20-09-2020,,Rapid,HealthMap
5f920059-7e03-4c6f-b547-3805c44b5efe,Canada,CAN,04-02-2020 4.46,America,52174114,20201022_CAN_485,TRUE,not accepted cases,3334,07-04-2020,,Rapid,HealthMap
cc1fbed2-fe1e-44c7-9de4-6b7cf6f6431d,Kenya,KEN,28-01-2020 13.29,Africa,66089001,20201210_KEN_670,TRUE,accepted cases,3298,22-06-2020,1092.69,PCR,Digital surveillance
75c67a2e-836a-4898-bb88-f9c058c381f7,France,FRA,29-01-2020 4.27,Europe,50818375,20200507_FRA_896,TRUE,not accepted cases,4508,20-02-2020,,Rapid,Digital surveillance
be85cc0f-6539-4d81-95ab-98a134be9377,China,CHN,29-02-2020 7.10,Asia,1418656706,20200419_CHN_886,FALSE,accepted cases,1348,13-07-2020,,Antigen,HealthMap
37aa6ed4-5830-4490-860e-454c47089359,Ethiopia,ETH,19-01-2020 13.44,Africa,171919157,20201011_ETH_678,FALSE,accepted cases,1555,31-05-2020,,PCR,Digital surveillance
398f0d6d-9b38-4832-b0ff-a131f4b49174,Nigeria,NGA,04-01-2020 1.37,Africa,206727165,20200928_NGA_162,TRUE,accepted cases,1522,05-02-2020,6752.13,PCR,HealthMap
5867e1de-85cb-4f47-823f-422aa8f04d71,Japan,JPN,26-02-2020 18.15,Asia,138430909,20201113_JPN_084,FALSE,not accepted cases,2136,14-04-2020,3141.84,Antigen,HealthMap
ec31f3e3-d95d-4c12-9957-d0cd055f91c9,Indonesia,IDN,12-02-2020 20.19,Asia,223243737,20200207_IDN_010,FALSE,accepted cases,600,02-10-2020,,Antigen,Digital surveillance
272b9fbc-7818-4766-b10c-24c2995702e3,Kenya,KEN,26-02-2020 2.56,Africa,46755598,20200321_KEN_449,FALSE,accepted cases,4543,02-06-2020,1035.87,PCR,HealthMap
053ffcf1-f70f-4d31-88d8-76c03b4c45cb,Japan,JPN,26-02-2020 3.47,Asia,82898731,20200524_JPN_620,TRUE,not accepted cases,1667,17-12-2020,2639.84,Antigen,HealthMap
47b16770-5852-48ef-9c77-05f691ded690,India,IND,06-01-2020 20.27,Asia,1071822114,20200102_IND_342,TRUE,not accepted cases,1323,14-08-2020,4276.87,PCR,Digital surveillance
1bf5cea1-45f1-4a0f-a958-ff4ce5d8d157,China,CHN,26-02-2020 22.57,Asia,1504942963,20200708_CHN_597,TRUE,not accepted cases,1044,22-01-2020,,PCR,HealthMap
e79b47bf-dfe8-41ab-be4a-611ba9ee2051,Canada,CAN,13-02-2020 7.42,America,32219670,20201013_CAN_906,FALSE,accepted cases,1939,24-03-2020,8107.72,Antigen,Digital surveillance
870b9f33-3b44-4fd2-8921-74e64f499692,United States,USA,17-02-2020 10.50,America,301779475,20201208_USA_885,TRUE,not accepted cases,1304,25-12-2020,,PCR,HealthMap
1f8e5ef8-fd25-4dbe-8a65-3c52a89f948a,Brazil,BRA,13-01-2020 14.22,America,280692443,20200426_BRA_229,TRUE,accepted cases,3264,17-06-2020,,PCR,HealthMap
8f63c6c6-b472-432e-8e4a-d008682a5701,Kenya,KEN,11-02-2020 16.25,Africa,79643338,20201001_KEN_340,TRUE,accepted cases,2139,01-04-2020,9835.51,PCR,Digital surveillance
ac43d0b8-e934-4d08-8c72-89b17bfde173,Spain,ESP,28-01-2020 11.46,Europe,38043302,20201106_ESP_524,TRUE,not accepted cases,4723,07-04-2020,,Rapid,HealthMap
66139817-89b5-493f-8291-49bc00292c13,Afghanistan,AFG,03-02-2020 17.43,Asia,56067053,20201209_AFG_202,FALSE,not accepted cases,573,06-12-2020,6231.55,Rapid,Digital surveillance
cf0ae277-5989-4e72-ae33-fefe2ab66384,Argentina,ARG,02-02-2020 9.42,America,37339975,20201222_ARG_303,TRUE,accepted cases,3444,06-12-2020,6773.18,PCR,HealthMap
28d6f51b-185b-450c-9ad8-3379d5b89ebe,South Africa,ZAF,05-02-2020 0.19,Africa,42120004,20201023_ZAF_622,FALSE,not accepted cases,3619,14-08-2020,5111.74,Rapid,Digital surveillance
df8cb4f7-308a-41eb-9846-084b59fcb1bb,China,CHN,19-01-2020 16.42,Asia,1610978688,20200217_CHN_839,TRUE,not accepted cases,1840,11-04-2020,,PCR,Digital surveillance
830ff301-3df8-4c28-b4d5-20763ea00702,United Kingdom,GBR,09-02-2020 2.29,Europe,94099305,20201021_GBR_200,FALSE,not accepted cases,3273,04-05-2020,,Rapid,Digital surveillance
4905880b-a1c2-4ba4-bbd8-ead7d3644656,Japan,JPN,19-02-2020 13.14,Asia,164939199,20201222_JPN_531,FALSE,accepted cases,4566,07-05-2020,1213.59,PCR,HealthMap
96ce8891-2893-46cd-b918-a45359b4c73f,Germany,DEU,05-02-2020 19.20,Europe,116579149,20201109_DEU_835,FALSE,not accepted cases,1303,31-08-2020,7517.77,Rapid,HealthMap
50600ee2-9aed-42a9-ad5b-f7e3ae15ca71,Germany,DEU,01-02-2020 20.15,Europe,78746230,20201231_DEU_293,TRUE,not accepted cases,2751,12-06-2020,805.78,PCR,Digital surveillance
c1522cee-4bf5-4b47-a761-446f42e2a1bc,South Africa,ZAF,14-02-2020 4.45,Africa,33463673,20200727_ZAF_339,FALSE,not accepted cases,510,15-04-2020,3894.77,Rapid,Digital surveillance
129404ce-6396-4f5c-8a6b-87924f298f0c,Italy,ITA,25-01-2020 15.00,Europe,48285579,20200718_ITA_874,FALSE,accepted cases,3999,22-04-2020,,Antigen,Digital surveillance
3d6492c9-55ac-4b1f-8bf0-0b9ecd6e4a2c,South Africa,ZAF,22-01-2020 21.43,Africa,53633836,20200325_ZAF_861,FALSE,accepted cases,4375,14-01-2020,5918.93,Rapid,Digital surveillance
d169ef9e-da0d-4edf-a0e4-b355e0db031a,China,CHN,11-02-2020 13.08,Asia,1384195435,20200126_CHN_267,FALSE,not accepted cases,1733,20-08-2020,,Antigen,HealthMap
9691996b-c471-469f-8d5b-e255309d1b2f,Egypt,EGY,17-01-2020 2.30,Africa,127818153,20200127_EGY_975,FALSE,accepted cases,562,29-11-2020,,PCR,Digital surveillance
4ebb4b29-755f-470a-831c-5d1599358536,Canada,CAN,23-02-2020 0.39,America,27874276,20200830_CAN_686,TRUE,accepted cases,3809,24-12-2020,,Antigen,Digital surveillance
20c42665-02bc-450d-b1e5-3fa7984a9ba1,Spain,ESP,08-02-2020 23.45,Europe,59742875,20200324_ESP_988,FALSE,accepted cases,4740,14-01-2020,5757.97,Antigen,HealthMap
66476dce-61e2-4c27-8d0f-2652e8cfbdf4,Canada,CAN,05-01-2020 18.44,America,42544556,20200222_CAN_714,FALSE,accepted cases,4636,22-01-2020,,Antigen,HealthMap
2d4e8f3d-7ae2-4980-b062-1c3b04f8a55f,China,CHN,02-02-2020 20.21,Asia,1942476287,20200907_CHN_109,FALSE,not accepted cases,3766,28-12-2020,,PCR,HealthMap
775adf7d-15b6-496e-9a32-ec67f4624885,Spain,ESP,21-02-2020 17.49,Europe,45112458,20201030_ESP_275,FALSE,accepted cases,709,22-05-2020,2438.63,Antigen,HealthMap
b0c04443-0f55-4917-ad6f-f4df3bae69d6,Nigeria,NGA,02-01-2020 15.54,Africa,140554187,20200418_NGA_364,FALSE,not accepted cases,2290,01-11-2020,2762.69,PCR,Digital surveillance
e84d25f2-628b-4b2a-bf40-305cb83ca3fa,China,CHN,16-01-2020 23.26,Asia,1518740209,20200503_CHN_708,FALSE,not accepted cases,3671,09-01-2020,,PCR,HealthMap
90616758-86ed-471c-b7e3-5e7c69ac7774,Brazil,BRA,20-01-2020 21.37,America,206875682,20200928_BRA_353,FALSE,not accepted cases,2882,25-12-2020,3066.23,PCR,Digital surveillance
9995228b-b58e-456d-9bec-0dca0d1d71a8,Canada,CAN,21-01-2020 3.47,America,54759244,20201219_CAN_190,TRUE,accepted cases,3966,21-05-2020,9766.07,Rapid,HealthMap
a959b866-38b0-44f9-9b15-49f3783297e3,Japan,JPN,23-02-2020 6.18,Asia,108881190,20200603_JPN_015,TRUE,not accepted cases,372,28-01-2020,6974.17,PCR,HealthMap
3a3ef3c9-13b0-4d87-8d48-c3707a9065c5,Japan,JPN,25-02-2020 0.36,Asia,122605894,20200813_JPN_349,TRUE,accepted cases,2068,01-09-2020,,PCR,HealthMap
5462176a-c9da-4993-b641-2dcfc5ed46dd,United Kingdom,GBR,05-01-2020 18.40,Europe,37582311,20200317_GBR_831,FALSE,accepted cases,2033,01-03-2020,4161.74,Rapid,Digital surveillance
d74a1ade-a3a8-4ced-b860-5bc496cd1838,Germany,DEU,25-01-2020 14.58,Europe,66805388,20201028_DEU_440,FALSE,accepted cases,4994,20-02-2020,2077.88,PCR,HealthMap
d14d9798-547c-427e-948c-13d7aa7031d7,China,CHN,11-01-2020 7.11,Asia,827704538,20200102_CHN_419,FALSE,not accepted cases,2385,17-01-2020,,Rapid,HealthMap
9a295a08-7c2b-4300-930c-2555ba88d2a1,Ethiopia,ETH,05-01-2020 21.14,Africa,87895942,20201116_ETH_604,TRUE,not accepted cases,940,05-10-2020,,PCR,HealthMap
f27cb2c7-911f-486f-a552-89f6a6e50ba0,Indonesia,IDN,05-01-2020 1.10,Asia,220900902,20201018_IDN_944,FALSE,not accepted cases,1018,27-08-2020,6997.34,Antigen,HealthMap
b553bc8f-bb22-4912-a3f0-de3d29af073f,Ethiopia,ETH,06-01-2020 19.02,Africa,107149359,20200614_ETH_619,FALSE,accepted cases,748,27-04-2020,8359.59,Rapid,Digital surveillance
5ff76195-9c60-4393-8eb8-040ff896790f,Mexico,MEX,06-02-2020 1.48,America,87054199,20200922_MEX_668,FALSE,not accepted cases,1486,26-10-2020,8142.45,PCR,HealthMap
08d0000f-f039-4b3e-8230-997e6ebf7ded,Kenya,KEN,27-01-2020 10.20,Africa,32510119,20200323_KEN_338,FALSE,not accepted cases,2361,05-12-2020,8135.66,Rapid,Digital surveillance
917c32ec-b195-4e58-b0a6-8cdd47fb34b3,Ethiopia,ETH,06-01-2020 10.16,Africa,70808557,20200725_ETH_886,TRUE,not accepted cases,3385,28-01-2020,,Antigen,HealthMap
16716d6c-ebf5-4b45-b8d5-4362ce90ec79,Ethiopia,ETH,18-02-2020 1.13,Africa,120622054,20200527_ETH_449,FALSE,accepted cases,236,18-11-2020,2392.97,PCR,HealthMap
b04a4388-1e7f-4e4a-b0f6-dffad867e6f6,France,FRA,01-01-2020 17.26,Europe,47303756,20200228_FRA_473,TRUE,accepted cases,4082,29-05-2020,2734.25,Antigen,HealthMap
e81340af-e2af-489e-ac52-b6d1bb3877c0,Brazil,BRA,30-01-2020 17.09,America,146795737,20201102_BRA_521,TRUE,accepted cases,2263,31-07-2020,,Rapid,HealthMap
74daca45-d444-446f-99e5-b3eedbba3ace,Afghanistan,AFG,19-01-2020 23.19,Asia,42312682,20201203_AFG_502,TRUE,not accepted cases,4412,04-09-2020,,Rapid,HealthMap
c4364fae-a8aa-476b-a374-17309cd6266a,Ethiopia,ETH,29-02-2020 10.55,Africa,170235164,20200502_ETH_586,FALSE,accepted cases,3365,23-01-2020,,Antigen,HealthMap
c81d3b1c-b001-4348-a925-1d46dde80635,South Africa,ZAF,12-02-2020 20.09,Africa,86876818,20200305_ZAF_515,FALSE,accepted cases,3606,21-02-2020,4569.28,Rapid,Digital surveillance
5be736d7-9506-49a7-8b99-5858e6b1801b,Egypt,EGY,25-02-2020 20.09,Africa,99212242,20200515_EGY_347,FALSE,accepted cases,2691,11-12-2020,3800.09,Antigen,HealthMap
bb147b57-ba13-4848-b314-e6a9dcb8bbc2,France,FRA,03-01-2020 19.04,Europe,73834851,20200527_FRA_233,TRUE,not accepted cases,806,20-11-2020,1005.07,PCR,HealthMap
c059da3a-3be4-4b70-ace5-474dbef0d75c,Afghanistan,AFG,03-01-2020 10.50,Asia,30884491,20200710_AFG_442,TRUE,accepted cases,4351,29-07-2020,7925.19,PCR,Digital surveillance
b55df174-9314-4745-96ad-b00126a076e0,China,CHN,09-02-2020 12.39,Asia,1066293933,20201025_CHN_147,TRUE,not accepted cases,2080,23-08-2020,,PCR,HealthMap
2b76bcfa-9bc4-4e62-ae09-2dded57ba663,Argentina,ARG,13-02-2020 17.10,America,42562206,20200625_ARG_602,FALSE,not accepted cases,2048,21-08-2020,1992.17,Antigen,HealthMap
819c0a7f-1a9b-4d5c-b82e-23488efacb7e,Japan,JPN,16-01-2020 12.36,Asia,135938409,20201224_JPN_303,TRUE,not accepted cases,2248,05-01-2020,6857.99,Rapid,Digital surveillance
e7133700-c962-4b46-9ef9-d8924bb42c64,Spain,ESP,17-02-2020 15.53,Europe,65593910,20200427_ESP_622,FALSE,accepted cases,1557,13-11-2020,,Rapid,Digital surveillance
31c1e00f-f7ff-4ed4-b1d2-87c7892aac4c,Japan,JPN,27-02-2020 20.41,Asia,102310968,20200813_JPN_035,FALSE,accepted cases,738,31-05-2020,,Antigen,Digital surveillance
2167048a-752a-42d9-8049-9c9ee8987394,Canada,CAN,09-01-2020 17.56,America,38906589,20200519_CAN_851,TRUE,not accepted cases,3947,31-05-2020,3387.15,PCR,HealthMap
a707e74a-e779-4799-9086-9d6d9f2ab0b0,China,CHN,10-01-2020 7.55,Asia,1762044220,20200722_CHN_991,FALSE,accepted cases,3232,08-01-2020,,PCR,HealthMap
084f26ba-07e1-4c02-9af1-0afbfd0770c7,Kenya,KEN,13-02-2020 23.43,Africa,58318201,20201122_KEN_963,FALSE,accepted cases,1915,29-08-2020,,Rapid,HealthMap
70853d44-72bb-4e5b-85b9-df945a4aa657,Spain,ESP,15-01-2020 20.04,Europe,61896563,20201224_ESP_310,FALSE,accepted cases,1145,24-01-2020,3043.65,Antigen,Digital surveillance
b92f4f2d-b958-4698-8941-907b13f15f6f,Japan,JPN,16-01-2020 17.08,Asia,120613487,20201209_JPN_973,FALSE,accepted cases,3398,01-12-2020,,Antigen,HealthMap
9c9d5ef2-a2a1-4575-9a1f-ebe27d3559af,Mexico,MEX,03-01-2020 22.23,America,121632978,20200430_MEX_876,FALSE,accepted cases,3009,05-10-2020,6448.27,PCR,HealthMap
ba517a68-4cdd-4029-932b-b0c806aa4108,Mexico,MEX,13-01-2020 3.54,America,123094338,20201205_MEX_218,TRUE,accepted cases,2732,04-05-2020,7869.78,PCR,Digital surveillance
52e15726-8d2e-427a-8743-359b4ee315fd,France,FRA,14-01-2020 18.13,Europe,89404829,20200617_FRA_793,TRUE,accepted cases,2271,15-03-2020,5402.15,PCR,Digital surveillance
05e04876-2f41-4c9a-9e62-6608fa8e59a3,Afghanistan,AFG,09-01-2020 0.22,Asia,50156502,20201028_AFG_332,TRUE,accepted cases,2173,27-01-2020,,Antigen,Digital surveillance
f43248cb-0674-4f36-819e-e615392d7a20,China,CHN,31-01-2020 14.49,Asia,1458377483,20200225_CHN_463,TRUE,accepted cases,4271,03-06-2020,9640.26,PCR,HealthMap
367a64b0-55ab-4430-bb8a-c103507b03a5,South Africa,ZAF,28-01-2020 21.06,Africa,71905933,20200815_ZAF_076,TRUE,not accepted cases,4983,16-03-2020,,Antigen,HealthMap
7e50db9c-cc26-4c54-88be-068df552a429,South Africa,ZAF,08-02-2020 16.18,Africa,59637916,20200808_ZAF_102,TRUE,accepted cases,3523,19-08-2020,4138.14,Antigen,HealthMap
95a3c45d-d54b-4aa6-be54-c3d35590b048,Egypt,EGY,16-02-2020 3.20,Africa,83149115,20200510_EGY_384,TRUE,not accepted cases,549,16-02-2020,932.3,PCR,HealthMap
17b9ac05-1ebe-4708-a41d-3e37e79ba8ba,Indonesia,IDN,05-02-2020 1.37,Asia,290395476,20201209_IDN_126,FALSE,not accepted cases,3464,27-01-2020,6004.1,Antigen,Digital surveillance
66e03d13-e9a5-4442-b5ce-4c68d6dbfaa9,Italy,ITA,02-02-2020 6.09,Europe,59384964,20200225_ITA_359,FALSE,accepted cases,2282,20-10-2020,,Antigen,Digital surveillance
05304118-11e4-4269-8a59-3287cd655ec9,Spain,ESP,29-02-2020 21.53,Europe,35881848,20200402_ESP_280,FALSE,not accepted cases,2875,04-01-2020,,PCR,HealthMap
7fa0f3b0-1061-498d-a5e7-ec01a4ed2813,China,CHN,10-01-2020 23.40,Asia,851730902,20200928_CHN_221,FALSE,not accepted cases,3716,23-06-2020,,Antigen,HealthMap
a9dd0e2f-ea60-4c9b-bc1a-2b98405fa965,Italy,ITA,08-02-2020 2.56,Europe,39637558,20201112_ITA_051,TRUE,not accepted cases,3629,04-12-2020,6070.76,Antigen,HealthMap
5ca6243a-eaed-46d2-9f46-131b206188c7,Canada,CAN,18-02-2020 16.07,America,35096943,20200525_CAN_695,FALSE,not accepted cases,372,22-04-2020,,Rapid,Digital surveillance
42ebba32-e92c-4139-8daf-f3e6aa3e4833,Afghanistan,AFG,14-01-2020 9.13,Asia,24806493,20200510_AFG_297,FALSE,accepted cases,63,11-09-2020,1756.95,Antigen,Digital surveillance
c699ef1d-5686-44d5-8459-5dfc44151457,Germany,DEU,05-02-2020 21.51,Europe,47930740,20200122_DEU_447,TRUE,not accepted cases,637,09-06-2020,5734,Rapid,HealthMap
e2e822bd-4be0-4b2a-9d9a-458995cbecfe,Argentina,ARG,08-01-2020 12.01,America,30365828,20201112_ARG_472,FALSE,accepted cases,3577,24-02-2020,,Rapid,HealthMap
ab7742d2-84c1-4580-b900-7e1a8e48f333,Germany,DEU,06-01-2020 12.55,Europe,104378439,20200423_DEU_342,TRUE,accepted cases,4181,20-11-2020,,Rapid,Digital surveillance
8820223b-23e0-468b-9b4b-405d945caf9d,Kenya,KEN,23-01-2020 23.52,Africa,70711244,20200430_KEN_106,TRUE,not accepted cases,1616,29-03-2020,7602.15,Rapid,Digital surveillance
e5c5e140-9f13-424a-b38b-a9862aef60a3,United States,USA,19-02-2020 20.31,America,415224893,20201023_USA_460,FALSE,not accepted cases,1236,13-08-2020,,Antigen,HealthMap
1dbc33b3-cbc9-4dab-8c55-9da18d8c599b,Mexico,MEX,07-02-2020 1.22,America,74031982,20200824_MEX_463,TRUE,accepted cases,3020,26-05-2020,,PCR,HealthMap
17207873-ccab-4e42-8f40-bb10be4b2d2c,Ethiopia,ETH,07-02-2020 17.50,Africa,160475001,20200818_ETH_931,TRUE,not accepted cases,4956,31-08-2020,9577.22,Antigen,Digital surveillance
3c610105-3536-4862-9b89-c410d6ce659b,Nigeria,NGA,15-02-2020 2.32,Africa,138641017,20200506_NGA_725,FALSE,not accepted cases,4293,24-09-2020,3638.98,Antigen,HealthMap
9e873c07-b198-4a57-82b4-ac90ab11c2b2,Egypt,EGY,19-02-2020 10.43,Africa,56525996,20201119_EGY_663,FALSE,accepted cases,2700,18-02-2020,3865.64,Antigen,Digital surveillance
139a851f-49be-47bb-95f1-43760d68b126,Nigeria,NGA,06-01-2020 18.42,Africa,292047531,20200607_NGA_991,FALSE,accepted cases,4874,28-12-2020,3095.82,Antigen,HealthMap
0d92a98c-768f-4895-b2ff-452c164e793c,Indonesia,IDN,12-02-2020 22.53,Asia,409509740,20200926_IDN_096,FALSE,not accepted cases,149,04-07-2020,,PCR,HealthMap
3d0be702-5591-46e0-9788-182eb05cc83b,United Kingdom,GBR,13-01-2020 7.08,Europe,39181435,20200221_GBR_520,TRUE,not accepted cases,1073,01-11-2020,,PCR,Digital surveillance
6075eb20-97ac-4405-a65d-5458ca65bfb5,Spain,ESP,21-02-2020 5.46,Europe,25420218,20200705_ESP_693,TRUE,not accepted cases,2334,17-08-2020,,PCR,HealthMap
673981c0-ef94-44bf-8229-f32d7d00cf68,United Kingdom,GBR,27-02-2020 6.23,Europe,98239894,20200813_GBR_473,FALSE,not accepted cases,4119,27-09-2020,1620.58,PCR,Digital surveillance
c95e014f-8cf4-443d-8e09-c6aaf5f564c2,Mexico,MEX,04-01-2020 20.30,America,112327775,20200222_MEX_729,TRUE,not accepted cases,687,23-03-2020,,Rapid,Digital surveillance
f7c0b7a1-d315-4b07-9682-2acfe0da8ae1,Egypt,EGY,06-01-2020 7.52,Africa,141695262,20200114_EGY_425,TRUE,not accepted cases,4112,10-07-2020,,PCR,HealthMap
d924107f-1f81-45ab-ae15-ca6b8e1bff1d,Brazil,BRA,02-01-2020 10.59,America,284654530,20201128_BRA_344,TRUE,accepted cases,313,26-05-2020,4724.55,PCR,HealthMap
23ba11d9-3e2e-4daa-8233-1d331fd96873,Ethiopia,ETH,09-02-2020 0.57,Africa,59666548,20200420_ETH_856,TRUE,not accepted cases,910,27-05-2020,,PCR,Digital surveillance
e52bd5ea-8952-47ce-a598-50307762ac8a,Brazil,BRA,27-01-2020 20.50,America,203443512,20200226_BRA_857,FALSE,accepted cases,4221,21-10-2020,,PCR,HealthMap
c5e319b4-1f68-4ddd-a892-2af5a956dfbe,Egypt,EGY,01-01-2020 19.22,Africa,109565733,20200405_EGY_681,TRUE,not accepted cases,554,26-09-2020,7864.12,Rapid,Digital surveillance
60e1e61c-2068-4d8e-93fe-d5e320a78998,South Africa,ZAF,25-02-2020 15.02,Africa,52599769,20200710_ZAF_260,TRUE,not accepted cases,553,25-06-2020,,Rapid,Digital surveillance
12d661c1-e626-46a4-a601-80c0d3492fa7,Italy,ITA,17-02-2020 10.08,Europe,51531556,20200622_ITA_834,TRUE,not accepted cases,3920,19-11-2020,,PCR,Digital surveillance
d38ab23f-7c5c-4eaa-aa23-04bf91a95c55,Ethiopia,ETH,03-01-2020 9.12,Africa,148430547,20200122_ETH_324,FALSE,not accepted cases,4448,30-08-2020,,Rapid,Digital surveillance
65ee8b25-254b-4b80-8c5a-92585f36520c,Argentina,ARG,23-01-2020 1.55,America,37599480,20200304_ARG_819,FALSE,not accepted cases,3276,13-08-2020,3866.45,PCR,HealthMap
f5786a07-d21f-4752-b9af-d72a2bf88f10,United Kingdom,GBR,24-01-2020 16.17,Europe,39551171,20200805_GBR_081,FALSE,accepted cases,4468,30-05-2020,,PCR,HealthMap
c5ba4b2c-d520-4d6b-ac49-1e1ec00aa7c5,Argentina,ARG,20-01-2020 14.38,America,41856532,20201219_ARG_455,FALSE,not accepted cases,346,29-06-2020,4349.41,Rapid,Digital surveillance
158eba6e-e3b2-4831-bd17-50a088093eef,China,CHN,12-02-2020 20.25,Asia,1458158794,20201213_CHN_164,TRUE,accepted cases,4977,13-12-2020,347.99,PCR,Digital surveillance
6b9264e7-388b-417e-94ff-181df01919ea,Kenya,KEN,24-01-2020 12.36,Africa,59422381,20201213_KEN_461,FALSE,not accepted cases,3636,09-02-2020,5294.6,Antigen,HealthMap
4f53d363-699d-414d-8a7b-2965d392fafa,Mexico,MEX,16-01-2020 3.01,America,88454063,20200922_MEX_397,TRUE,not accepted cases,2132,26-12-2020,9963.65,Antigen,HealthMap
2c8e8369-bc40-45a0-a10a-9c57e4cfbc9e,Canada,CAN,08-01-2020 4.54,America,35932141,20201231_CAN_456,TRUE,not accepted cases,2846,29-12-2020,,Rapid,HealthMap
855f9c96-ac51-4f1c-8116-02d31133804e,Argentina,ARG,24-02-2020 5.45,America,64509033,20201122_ARG_179,FALSE,accepted cases,994,12-04-2020,2367.36,Antigen,Digital surveillance
087c863c-b93f-4a3d-a7b2-2a86038d334e,Kenya,KEN,05-02-2020 18.23,Africa,70099580,20201009_KEN_133,TRUE,accepted cases,2533,22-07-2020,7188.7,Rapid,HealthMap
161c46a8-6b60-45ba-8d2a-f79eed597038,Egypt,EGY,22-02-2020 18.04,Africa,150675102,20201124_EGY_076,FALSE,not accepted cases,4238,25-06-2020,,Rapid,Digital surveillance
98c45d43-555c-46ba-8a5b-62c4e6f6068c,Indonesia,IDN,28-01-2020 16.58,Asia,151918530,20200304_IDN_531,TRUE,not accepted cases,1348,23-03-2020,,Rapid,Digital surveillance
98f2af0c-7ad8-4c0d-a94c-43382fd02963,Kenya,KEN,03-02-2020 9.54,Africa,40361020,20201121_KEN_980,FALSE,accepted cases,2480,10-11-2020,5025.73,PCR,Digital surveillance
2acb0306-cd26-4fe7-8167-6490dd9ca5fe,United States,USA,12-02-2020 19.46,America,365803908,20201015_USA_043,TRUE,accepted cases,372,24-11-2020,2646.56,PCR,HealthMap
564e3ab1-6957-4a4d-a501-e87b8c6db3ec,Spain,ESP,10-02-2020 0.31,Europe,52700303,20200528_ESP_658,FALSE,not accepted cases,2006,16-12-2020,4535.44,Rapid,Digital surveillance
be1ffb4d-aae5-4662-947d-c1f296110deb,United States,USA,29-01-2020 13.30,America,233033483,20201106_USA_148,FALSE,not accepted cases,2829,23-07-2020,,Antigen,Digital surveillance
43202593-aa3f-4d08-8bca-e5ee3dbefef5,Nigeria,NGA,16-01-2020 14.07,Africa,195749331,20200313_NGA_100,TRUE,not accepted cases,3146,11-11-2020,9626.86,PCR,HealthMap
a6592f3b-f694-446f-9dff-8fc9ae72aeee,Italy,ITA,16-02-2020 10.12,Europe,39865046,20200920_ITA_479,FALSE,not accepted cases,4074,12-01-2020,,Antigen,HealthMap
61b6c40b-8d24-4e8d-bf0a-7b9142034635,Brazil,BRA,14-01-2020 18.22,America,117022547,20200910_BRA_612,FALSE,not accepted cases,4396,05-01-2020,4309.28,Antigen,HealthMap
b6fdec4c-3498-4e4b-9b5f-927916730f5b,South Africa,ZAF,24-01-2020 1.25,Africa,63477002,20200409_ZAF_372,FALSE,accepted cases,3164,15-09-2020,5498.57,Rapid,Digital surveillance
84af0391-426a-4407-bb6d-b179dc7835d7,Indonesia,IDN,07-01-2020 12.23,Asia,406671536,20201012_IDN_962,FALSE,accepted cases,1630,04-11-2020,5000.78,PCR,Digital surveillance
364af727-b01a-4a1f-a939-deb83b5db4c0,Indonesia,IDN,15-02-2020 10.51,Asia,278811567,20200317_IDN_621,TRUE,not accepted cases,2609,24-03-2020,,Rapid,HealthMap
a9aad275-4f7a-4ae8-9c0e-f980d6e584a4,Italy,ITA,22-01-2020 16.53,Europe,62417151,20201228_ITA_577,FALSE,not accepted cases,136,07-07-2020,,PCR,HealthMap
d43c3ab9-a3ca-45c4-a44c-e88eefe68ced,Italy,ITA,20-01-2020 23.55,Europe,68277150,20201101_ITA_486,FALSE,accepted cases,420,25-10-2020,5242.32,Rapid,HealthMap
ca80bfcb-ee7e-44e5-b451-a56c9b9d0f71,Indonesia,IDN,22-02-2020 21.15,Asia,293373297,20201224_IDN_113,TRUE,accepted cases,3612,09-06-2020,4129.6,PCR,HealthMap
a281c599-ac78-4e6c-a713-f014418f4d41,Germany,DEU,19-02-2020 19.58,Europe,115020079,20200201_DEU_723,TRUE,accepted cases,4594,15-06-2020,4783.71,Antigen,HealthMap
0e892bbb-cb34-4014-8702-bb511c54d581,United States,USA,30-01-2020 17.21,America,282771257,20201214_USA_659,FALSE,not accepted cases,1575,06-05-2020,,Antigen,Digital surveillance
c341491f-e01e-4339-aedb-e0f8abb6a2c8,Argentina,ARG,19-02-2020 9.45,America,53793814,20200907_ARG_325,FALSE,not accepted cases,4591,20-05-2020,,Rapid,HealthMap
675e3152-f3ff-4a58-8536-ca5f201101ee,South Africa,ZAF,22-02-2020 11.49,Africa,38341651,20200122_ZAF_295,TRUE,not accepted cases,3623,01-12-2020,,Antigen,Digital surveillance
c17a00a2-f336-459f-b8db-9226bebf4fa6,Canada,CAN,22-02-2020 17.17,America,40082847,20200519_CAN_141,TRUE,accepted cases,1986,26-01-2020,5310.41,Rapid,Digital surveillance
5b072dba-5caf-423c-a4d3-eeb061ed10e4,India,IND,07-01-2020 13.21,Asia,1341921655,20201214_IND_790,TRUE,accepted cases,4508,21-03-2020,9350.32,Antigen,HealthMap
f095b132-818c-41d6-a4fd-9f6790112096,Canada,CAN,18-02-2020 9.20,America,43248655,20200215_CAN_668,TRUE,accepted cases,1434,01-08-2020,1757.89,PCR,HealthMap
b4f421bc-c2de-4dcb-875a-6b772a925e87,United Kingdom,GBR,12-01-2020 23.55,Europe,53593763,20200120_GBR_010,FALSE,accepted cases,2744,25-05-2020,6413.12,Rapid,HealthMap
7168e79c-fdc8-48ce-aea1-cb7829781017,Indonesia,IDN,24-02-2020 16.29,Asia,189500278,20200227_IDN_339,TRUE,not accepted cases,2107,05-04-2020,,Antigen,HealthMap
b596b7cf-c0e1-4cd6-84f9-401b98901b47,Italy,ITA,13-02-2020 6.11,Europe,81995093,20200726_ITA_847,FALSE,not accepted cases,710,24-07-2020,1847.81,PCR,HealthMap
eb825123-16dc-4717-94de-7e91444c784b,Nigeria,NGA,29-02-2020 7.00,Africa,182139661,20200816_NGA_772,FALSE,not accepted cases,2473,25-10-2020,114.36,Rapid,HealthMap
71414ddf-3696-46f0-8251-59d4e66333e4,Brazil,BRA,04-01-2020 21.07,America,171494285,20200726_BRA_703,FALSE,accepted cases,2416,07-07-2020,2191.29,PCR,HealthMap
93633285-10b0-4785-84e0-177e2ab11574,Indonesia,IDN,30-01-2020 23.38,Asia,250505403,20201008_IDN_935,FALSE,accepted cases,2027,14-12-2020,8731.35,PCR,HealthMap
ee1b95f5-19da-4ac1-b0d0-5ffe7b919642,Germany,DEU,15-02-2020 11.04,Europe,89160250,20200201_DEU_849,TRUE,accepted cases,1347,16-06-2020,4418.41,Rapid,Digital surveillance
1a0b7f8b-58ee-4c23-b1a6-5c01b2029e7d,Italy,ITA,01-02-2020 2.57,Europe,57165610,20200129_ITA_465,TRUE,not accepted cases,3742,15-10-2020,,Antigen,HealthMap
997563a2-dc12-46fe-a749-66795537011c,Afghanistan,AFG,26-01-2020 8.52,Asia,48497101,20201023_AFG_075,TRUE,not accepted cases,2822,24-12-2020,,PCR,Digital surveillance
b45ec007-c1ec-4877-aa2c-f49478ad916a,United Kingdom,GBR,03-01-2020 9.26,Europe,86145451,20201124_GBR_747,FALSE,not accepted cases,3133,17-08-2020,9067.67,Antigen,Digital surveillance
e364b679-a201-4d09-881d-fabb13bfc115,France,FRA,09-01-2020 20.55,Europe,40380358,20201002_FRA_403,TRUE,accepted cases,28,12-01-2020,4630.04,Rapid,HealthMap
48e89160-dfce-4104-8d9e-53cbef71abb0,France,FRA,25-01-2020 7.15,Europe,55231816,20200521_FRA_194,TRUE,accepted cases,3434,10-11-2020,8837.57,PCR,Digital surveillance
dbb181ea-9b5f-4e12-aa79-f00b7243c322,Canada,CAN,05-01-2020 3.38,America,35720724,20201210_CAN_721,TRUE,accepted cases,362,24-07-2020,5397.6,PCR,Digital surveillance
e9d2c512-03b7-4a96-945d-5b5171e410b0,Germany,DEU,19-01-2020 7.52,Europe,103181389,20200612_DEU_592,FALSE,accepted cases,2472,14-03-2020,5212.51,Antigen,HealthMap
a47d78c4-8805-4a8c-b90b-b5115c369f31,Mexico,MEX,04-01-2020 17.37,America,159259297,20200330_MEX_642,FALSE,not accepted cases,384,25-06-2020,6713.43,Rapid,HealthMap
92373f40-8205-4030-84ca-301e64ecc6de,Egypt,EGY,27-01-2020 4.19,Africa,69984347,20201002_EGY_485,TRUE,accepted cases,2463,28-12-2020,,Antigen,Digital surveillance
8160b582-23ed-4d2e-ae04-a4a509399796,France,FRA,27-01-2020 13.35,Europe,41389460,20200504_FRA_262,TRUE,not accepted cases,647,18-08-2020,924.64,Rapid,Digital surveillance
a8ce3de2-e8ff-43ee-8890-9ec20209c64e,India,IND,18-01-2020 12.43,Asia,1522037258,20200207_IND_193,TRUE,not accepted cases,1711,19-06-2020,,PCR,Digital surveillance
858f0b9d-1467-4215-9afa-5eac14fac576,Canada,CAN,17-02-2020 3.47,America,36946582,20200504_CAN_713,TRUE,not accepted cases,1960,09-10-2020,,Antigen,HealthMap
8c7bb2d0-bbc1-4155-82bf-cf1ae4fabd5f,Ethiopia,ETH,04-02-2020 20.22,Africa,87551857,20200919_ETH_904,FALSE,not accepted cases,807,28-08-2020,3202.33,PCR,HealthMap
a0166750-0271-4171-bd2a-9e63d213c642,Nigeria,NGA,27-01-2020 1.36,Africa,148683146,20200315_NGA_017,FALSE,not accepted cases,2418,19-03-2020,,PCR,HealthMap
7882b5fc-7fd1-4f72-b899-9d57daa643a4,Italy,ITA,23-02-2020 7.31,Europe,69809705,20201216_ITA_346,FALSE,not accepted cases,4018,23-08-2020,,Antigen,Digital surveillance
ea4b323a-9692-4b9a-b50e-3b09b62049d3,Indonesia,IDN,16-02-2020 17.31,Asia,387555443,20201004_IDN_658,TRUE,accepted cases,608,08-12-2020,,PCR,HealthMap
bfc2de16-ea89-42fa-b95c-ba94836b3c6d,Indonesia,IDN,23-02-2020 20.14,Asia,330189382,20200105_IDN_224,FALSE,not accepted cases,495,12-11-2020,9339.04,Antigen,HealthMap
137d7b66-1a01-4c05-8c7a-7ae0d3c9b1ec,Afghanistan,AFG,01-01-2020 17.35,Asia,19925509,20200928_AFG_740,FALSE,not accepted cases,140,14-09-2020,6740.33,PCR,Digital surveillance
cc5b06b8-5811-4cdf-9b80-a65882856d7d,Japan,JPN,03-02-2020 4.15,Asia,141625918,20200509_JPN_835,FALSE,not accepted cases,3251,10-02-2020,,Antigen,HealthMap
0b3b1d85-3fc8-4e23-8fe5-f37aca892bc8,Italy,ITA,16-01-2020 22.14,Europe,71589318,20200211_ITA_670,TRUE,accepted cases,3320,13-07-2020,,Antigen,Digital surveillance
0dfd8f8c-f649-45ed-9b01-475dfa972806,Afghanistan,AFG,14-02-2020 5.05,Asia,52371456,20201126_AFG_804,FALSE,accepted cases,4326,22-01-2020,,Rapid,HealthMap
4adea5f6-4f94-4deb-b692-9d949dd7ab1e,Mexico,MEX,03-01-2020 2.43,America,100615641,20201005_MEX_578,TRUE,accepted cases,2576,09-01-2020,5870.36,Rapid,HealthMap
179db9ce-9426-4130-a241-6f95c742908f,China,CHN,20-01-2020 5.36,Asia,1535320799,20200718_CHN_694,FALSE,not accepted cases,1146,18-12-2020,5007.93,Antigen,Digital surveillance
49adca60-5379-46c4-9967-0b89e9afed92,Japan,JPN,28-01-2020 7.53,Asia,106315195,20201110_JPN_978,FALSE,not accepted cases,242,20-11-2020,,Antigen,HealthMap
baee4021-e31f-44b9-9cff-01379cb896ef,Brazil,BRA,23-01-2020 17.24,America,145760036,20201026_BRA_677,FALSE,accepted cases,2419,06-05-2020,820.38,PCR,HealthMap
93e0bd58-5124-4df8-bacb-9310a4c6add2,Indonesia,IDN,17-02-2020 12.20,Asia,165905999,20200103_IDN_966,FALSE,not accepted cases,2948,18-05-2020,,PCR,Digital surveillance
1bc436c3-b9bd-4f84-9bd7-622adb37c48d,Egypt,EGY,29-01-2020 17.35,Africa,92924159,20200114_EGY_092,FALSE,accepted cases,4890,02-11-2020,8637.18,PCR,HealthMap
428c92aa-7dd9-41bd-906b-b76c79386678,Egypt,EGY,25-01-2020 2.46,Africa,108427040,20200504_EGY_586,TRUE,not accepted cases,1388,12-03-2020,,Antigen,HealthMap
1d1e0823-7230-4896-bc94-8e0c3d7881af,Indonesia,IDN,05-01-2020 5.27,Asia,251943241,20200904_IDN_802,TRUE,not accepted cases,2061,06-05-2020,4958.02,Rapid,Digital surveillance
d1f60248-1da5-46d5-9dc8-4e4ae40bfc7e,Ethiopia,ETH,07-01-2020 4.19,Africa,166561943,20200619_ETH_862,FALSE,not accepted cases,3606,20-06-2020,8235.35,Rapid,Digital surveillance
6b456471-eea0-428c-ad4b-bac1c2f89135,Argentina,ARG,21-01-2020 19.44,America,44247103,20200331_ARG_988,FALSE,not accepted cases,2387,21-12-2020,9677.63,PCR,HealthMap
6752e553-01f5-4899-ac04-eea4cc8013ce,South Africa,ZAF,18-01-2020 12.23,Africa,84934026,20200412_ZAF_607,TRUE,accepted cases,3781,28-12-2020,,Antigen,Digital surveillance
f664fe4a-d2ad-4ec5-b130-3912db9779cf,Egypt,EGY,13-02-2020 15.08,Africa,82157399,20200509_EGY_675,TRUE,not accepted cases,3088,07-02-2020,5979.34,Rapid,HealthMap
5c7a8453-3b57-43d1-b589-565d77ca17e2,France,FRA,02-02-2020 22.26,Europe,35036546,20200703_FRA_719,TRUE,accepted cases,2033,02-12-2020,1663.38,Rapid,Digital surveillance
7849b18c-2f74-455f-b5ec-a7a11c42f8c3,Italy,ITA,11-02-2020 21.41,Europe,88686079,20200618_ITA_989,FALSE,accepted cases,86,20-02-2020,,Rapid,Digital surveillance
fa796c9b-41ae-4e5b-9152-2caa9bb3d9b2,Ethiopia,ETH,24-01-2020 12.29,Africa,135605931,20201219_ETH_513,TRUE,not accepted cases,201,04-09-2020,,Antigen,Digital surveillance
49c60f0b-1576-4fb3-986b-bcf21cf3f2c8,Japan,JPN,23-02-2020 23.09,Asia,102685017,20200821_JPN_804,TRUE,not accepted cases,2853,31-08-2020,,Rapid,HealthMap
50ed3e61-9433-4ba0-8733-5eacd1292112,Nigeria,NGA,05-01-2020 9.02,Africa,249589483,20200112_NGA_870,FALSE,accepted cases,1346,04-05-2020,5519.1,Antigen,HealthMap
a66f6559-23d0-4020-ac21-610721ba8892,Ethiopia,ETH,15-01-2020 12.40,Africa,78909503,20201202_ETH_443,FALSE,accepted cases,1616,18-08-2020,3888.36,Rapid,Digital surveillance
11b964f3-7380-4647-a729-ef1e278f3175,Canada,CAN,18-01-2020 22.51,America,21232367,20200222_CAN_819,TRUE,not accepted cases,2670,10-04-2020,2623.53,Antigen,HealthMap
1fafc127-237d-4a0e-8a69-acffdbfa996b,Spain,ESP,25-01-2020 19.25,Europe,28718284,20200629_ESP_866,FALSE,accepted cases,2436,10-11-2020,6721.1,Antigen,Digital surveillance
6fcfd948-b7ad-4ab5-b950-b98c96b45607,Brazil,BRA,20-01-2020 3.11,America,253676175,20200918_BRA_398,FALSE,accepted cases,4708,15-07-2020,4866.7,Rapid,Digital surveillance
7c25cfba-002b-472a-b209-38651e64994c,France,FRA,11-01-2020 15.18,Europe,44849336,20200818_FRA_635,TRUE,not accepted cases,78,05-09-2020,,Antigen,HealthMap
6b871766-b55f-43e3-8f19-c40c39bbc9d1,Egypt,EGY,13-02-2020 15.26,Africa,137117028,20200907_EGY_172,TRUE,accepted cases,1806,29-05-2020,,PCR,HealthMap
3d820fdc-88f7-417c-bb16-084dbf209763,United States,USA,19-02-2020 14.36,America,421216641,20200910_USA_563,TRUE,accepted cases,2194,05-10-2020,3668.62,PCR,HealthMap
d26def76-8edc-4124-8669-6cf062d0bba7,France,FRA,14-01-2020 13.06,Europe,86818385,20200506_FRA_305,TRUE,not accepted cases,2152,27-06-2020,869.83,PCR,Digital surveillance
8d7a33c6-791a-4ee0-8f06-51a6f871050e,Canada,CAN,21-02-2020 23.37,America,32104640,20201229_CAN_625,FALSE,accepted cases,1140,15-04-2020,8054.4,Rapid,HealthMap
7be4d34b-c986-4b03-b7c7-bdae659d125d,France,FRA,18-01-2020 19.34,Europe,53762763,20201226_FRA_300,FALSE,not accepted cases,4214,13-12-2020,1355.89,Antigen,Digital surveillance
1167ab90-6cf7-4806-a0e7-d45270e78582,Mexico,MEX,25-02-2020 20.08,America,176132299,20200507_MEX_150,FALSE,accepted cases,3217,07-09-2020,,Rapid,HealthMap
fe83ff64-fb70-4375-869b-1bfdfea9803a,Egypt,EGY,25-01-2020 14.04,Africa,132481979,20200217_EGY_413,FALSE,not accepted cases,3724,06-09-2020,,PCR,Digital surveillance
5512e6ff-3ad1-4f23-99f5-d457f545a783,Ethiopia,ETH,10-02-2020 21.44,Africa,155213057,20200930_ETH_408,TRUE,not accepted cases,1735,10-09-2020,,Antigen,HealthMap
cac02766-a429-4671-9261-019fc01bea13,France,FRA,06-02-2020 4.36,Europe,64316464,20200624_FRA_916,TRUE,accepted cases,815,16-11-2020,4595.82,PCR,Digital surveillance
a213b4f7-e2f2-4c15-9e64-20513151594a,Ethiopia,ETH,30-01-2020 0.27,Africa,171950356,20200308_ETH_904,FALSE,accepted cases,2244,17-02-2020,2503.89,Antigen,Digital surveillance
7ee87fc6-f173-4820-a31d-66c2341aecee,India,IND,26-01-2020 20.19,Asia,1655234352,20200429_IND_440,TRUE,accepted cases,8,19-04-2020,1327,PCR,HealthMap
6e0a07a6-ec31-4215-86f1-a57d54c6231f,Afghanistan,AFG,01-01-2020 22.21,Asia,24158686,20200804_AFG_711,TRUE,not accepted cases,580,27-04-2020,,Rapid,Digital surveillance
e03254d8-615e-4f66-a2b1-b69be9deee70,Japan,JPN,21-01-2020 11.56,Asia,80581858,20200309_JPN_657,TRUE,accepted cases,4345,15-10-2020,,Rapid,Digital surveillance
16d6ecba-1734-48c5-aebb-135addd413dc,Ethiopia,ETH,23-01-2020 23.13,Africa,143505464,20200729_ETH_631,FALSE,accepted cases,710,21-02-2020,,PCR,HealthMap
46eb6006-634c-43c1-bc71-0d0f42f83653,Kenya,KEN,28-01-2020 10.50,Africa,40209442,20201126_KEN_087,TRUE,not accepted cases,219,03-12-2020,2054.46,Rapid,Digital surveillance
39cba2d3-5642-48e4-b7c7-d83c46b325d5,South Africa,ZAF,19-01-2020 20.03,Africa,82908362,20200502_ZAF_507,FALSE,accepted cases,1974,12-09-2020,710.12,PCR,HealthMap
91732a58-158b-4989-9300-0173f17c77e7,Nigeria,NGA,09-01-2020 12.55,Africa,220235494,20200706_NGA_560,TRUE,not accepted cases,597,09-01-2020,137.93,PCR,Digital surveillance
c11022c8-0677-4725-98f8-36c3d3970fc6,India,IND,20-02-2020 12.32,Asia,1557432509,20200913_IND_786,FALSE,not accepted cases,3295,12-02-2020,5376.55,PCR,HealthMap
227b3831-b8ab-4d25-a9c7-03f7c4cfbf2e,China,CHN,20-01-2020 2.32,Asia,1012128872,20200320_CHN_550,FALSE,not accepted cases,4804,20-11-2020,6498.4,Rapid,Digital surveillance
065586bc-83cc-4aaa-ad65-d9d271e92a27,Argentina,ARG,14-02-2020 13.46,America,33383288,20200505_ARG_089,FALSE,accepted cases,3714,09-11-2020,3092.9,Rapid,Digital surveillance
86eaa48a-2218-471d-8c55-571f10fcc1cd,Japan,JPN,01-01-2020 22.08,Asia,64673814,20200911_JPN_976,FALSE,not accepted cases,1367,09-07-2020,,Antigen,Digital surveillance
7969a268-ba1e-4b4b-a9c0-120538fe1c92,Afghanistan,AFG,22-01-2020 13.17,Asia,21950601,20201230_AFG_999,TRUE,not accepted cases,3728,18-09-2020,,Antigen,Digital surveillance
d3b6eec8-7c1d-4d06-a45f-ca38242b0987,Kenya,KEN,11-01-2020 8.49,Africa,74971619,20201211_KEN_741,TRUE,accepted cases,4168,02-01-2020,,PCR,Digital surveillance
6332e670-fa25-4a19-bf0f-9fb645a45314,India,IND,31-01-2020 11.24,Asia,897119692,20200119_IND_567,FALSE,accepted cases,2636,07-05-2020,7202.88,Antigen,Digital surveillance
44c4f339-acbe-467d-91d4-e93e61c98ca2,Italy,ITA,24-01-2020 3.32,Europe,84763913,20200401_ITA_229,TRUE,not accepted cases,564,26-08-2020,7735.27,Antigen,HealthMap
e97a329d-205c-4c51-b5c6-010e625af724,China,CHN,05-02-2020 14.00,Asia,1008492650,20201015_CHN_804,FALSE,accepted cases,3800,07-07-2020,4933.61,PCR,Digital surveillance
580e6637-4b64-4855-ab65-f3f75e5020c4,Indonesia,IDN,01-01-2020 13.01,Asia,284887208,20201121_IDN_860,TRUE,not accepted cases,11,02-12-2020,,Rapid,HealthMap
e071ba41-ab50-41d1-9bc5-a78cb2e28997,Japan,JPN,14-01-2020 16.15,Asia,125468301,20200131_JPN_996,TRUE,not accepted cases,762,23-01-2020,8972.87,Rapid,HealthMap
5492e64e-d655-417c-970b-ff524d243052,Kenya,KEN,30-01-2020 23.05,Africa,32024947,20200309_KEN_653,FALSE,accepted cases,4848,17-10-2020,,Rapid,Digital surveillance
8820be22-c55e-40a5-ae32-6c664a0134af,Brazil,BRA,19-01-2020 8.54,America,303118645,20200720_BRA_718,FALSE,not accepted cases,3708,19-05-2020,,PCR,Digital surveillance
9d4b4e58-1db9-4cef-8f3c-ac614bd862a1,Italy,ITA,07-01-2020 4.06,Europe,57412539,20200609_ITA_417,TRUE,not accepted cases,1700,19-08-2020,,Antigen,Digital surveillance
01f402a8-104e-4270-8377-f68262561bf8,China,CHN,11-01-2020 21.19,Asia,1733960267,20201104_CHN_042,TRUE,not accepted cases,1215,16-02-2020,9684,Antigen,Digital surveillance
981eee1f-1576-4eef-9051-5329b783e80e,Argentina,ARG,17-01-2020 5.01,America,61222254,20201011_ARG_767,TRUE,accepted cases,3785,22-02-2020,1397.93,PCR,Digital surveillance
0bee6bd0-6ed4-4a92-a55d-10c276115727,Brazil,BRA,09-01-2020 6.52,America,185402771,20201118_BRA_961,TRUE,not accepted cases,614,12-01-2020,1977.5,Rapid,HealthMap
7f0d8acc-5873-4049-b3b2-af6b7b4732bc,Indonesia,IDN,06-01-2020 10.07,Asia,394497820,20200126_IDN_173,FALSE,not accepted cases,4064,16-01-2020,,Antigen,Digital surveillance
fc63ed02-d0fc-4186-8ee7-3bcdb966a115,Kenya,KEN,14-01-2020 5.17,Africa,50868260,20200317_KEN_036,TRUE,not accepted cases,4086,29-07-2020,4790.31,PCR,HealthMap
4cdeb394-5a84-40c2-861b-323f9a7c8572,South Africa,ZAF,09-01-2020 13.12,Africa,82121926,20200926_ZAF_256,TRUE,not accepted cases,2941,02-09-2020,4846.79,Rapid,HealthMap
6f60f68c-9a2b-45b4-927a-7dc2ee53e89e,South Africa,ZAF,18-01-2020 5.01,Africa,65068533,20200116_ZAF_918,FALSE,accepted cases,3864,28-09-2020,,Rapid,Digital surveillance
260bdde9-315d-4b32-8f14-a8d8a2a68527,United States,USA,07-01-2020 7.42,America,253722469,20200129_USA_783,TRUE,not accepted cases,2906,29-03-2020,,Rapid,HealthMap
eb0d41e3-58c0-4d26-ab10-cb07b747d8ee,Kenya,KEN,28-02-2020 18.01,Africa,64555710,20201017_KEN_578,TRUE,accepted cases,4032,04-10-2020,,Antigen,Digital surveillance
ffe9fa5b-d194-4a5f-a54a-8481753671a2,China,CHN,04-01-2020 7.38,Asia,748344717,20200901_CHN_001,FALSE,accepted cases,1068,23-06-2020,9187.81,Antigen,Digital surveillance
edec9fb2-37f6-4577-a177-5c0e1b96a723,Afghanistan,AFG,10-01-2020 18.45,Asia,24978473,20200226_AFG_867,FALSE,accepted cases,3060,26-12-2020,3955.96,PCR,HealthMap
5414203e-8d27-4b1f-a190-bf5a4ee5336f,Argentina,ARG,21-01-2020 4.10,America,65474825,20201123_ARG_984,FALSE,not accepted cases,1427,28-12-2020,6935.6,Rapid,HealthMap
b1bbc438-925a-49c7-8f59-54b77992db0a,Brazil,BRA,12-02-2020 18.52,America,186708813,20201218_BRA_302,TRUE,accepted cases,14,25-12-2020,3916.01,Rapid,Digital surveillance
4d6562b5-720e-4d68-b36a-e7887c6226f3,United States,USA,08-02-2020 10.58,America,485756878,20200423_USA_655,TRUE,not accepted cases,1152,18-06-2020,2379.96,Antigen,Digital surveillance
5e817c5f-003e-41b0-a0fa-602c952daa5f,China,CHN,22-02-2020 22.42,Asia,1769340491,20200620_CHN_458,TRUE,not accepted cases,1717,07-05-2020,3504.81,PCR,Digital surveillance
20001d23-e793-4e71-8715-8c630eb5cbf6,India,IND,25-01-2020 14.46,Asia,2027366960,20200730_IND_505,FALSE,not accepted cases,4473,11-07-2020,,Antigen,Digital surveillance
181af840-8719-436d-a5b1-9df89bb4fefd,United States,USA,29-01-2020 2.51,America,176561046,20200111_USA_327,FALSE,accepted cases,607,24-06-2020,,Antigen,Digital surveillance
551c5fe2-d22b-472e-a336-b9ba01b3ec48,China,CHN,05-02-2020 2.21,Asia,2137793204,20200904_CHN_722,TRUE,not accepted cases,1351,06-11-2020,1571.04,PCR,HealthMap
0c93cd5d-019c-4c4e-b215-e95fb68281c1,Canada,CAN,13-01-2020 13.44,America,46122350,20201003_CAN_272,FALSE,not accepted cases,1945,19-02-2020,,Rapid,HealthMap
05f3f96b-42cd-4721-86eb-40cffd8f226b,Indonesia,IDN,04-01-2020 11.00,Asia,160730233,20201204_IDN_641,FALSE,accepted cases,794,14-01-2020,,Rapid,HealthMap
577a9a08-86b1-4fb4-810d-d48726028723,China,CHN,31-01-2020 3.19,Asia,1291746092,20200907_CHN_917,FALSE,accepted cases,4457,17-07-2020,,Antigen,HealthMap
ce1a7b4f-6f8a-4728-94cf-b3c40f74c79c,United States,USA,29-01-2020 1.16,America,319436741,20200425_USA_858,FALSE,accepted cases,1238,22-12-2020,857.07,Antigen,HealthMap
3f4861ef-9fd5-44db-addd-dae8486dbe95,Italy,ITA,15-01-2020 17.03,Europe,53636054,20200924_ITA_429,FALSE,accepted cases,3901,02-06-2020,,Rapid,Digital surveillance
a10bae05-efa5-4217-98c2-40b429f62c81,Germany,DEU,06-02-2020 16.51,Europe,98658514,20201113_DEU_151,TRUE,not accepted cases,1416,26-03-2020,8084.61,PCR,Digital surveillance
1c8aed83-45ff-499c-a00e-4ced40fb4d1a,Egypt,EGY,06-01-2020 21.27,Africa,153222153,20201117_EGY_152,FALSE,not accepted cases,548,14-02-2020,,Antigen,HealthMap
8a249d51-dea8-4797-a616-c3b2ec990aa5,Mexico,MEX,03-02-2020 14.58,America,66060474,20201224_MEX_639,FALSE,accepted cases,3395,17-03-2020,,Rapid,Digital surveillance
c74dcfcd-64c4-467c-a7b7-9e399fe47b13,Japan,JPN,06-02-2020 3.50,Asia,172953432,20200625_JPN_899,FALSE,not accepted cases,3137,01-12-2020,6089.62,PCR,Digital surveillance
622dc1de-76a9-4d23-9a82-7b6d17d8cfa0,Mexico,MEX,26-01-2020 4.39,America,152245453,20200724_MEX_040,FALSE,not accepted cases,1946,26-01-2020,9208.35,Antigen,Digital surveillance
85753eaa-e230-4672-a08c-4aafbf2c84d8,Nigeria,NGA,22-02-2020 9.19,Africa,276813839,20201222_NGA_702,TRUE,accepted cases,1100,02-06-2020,4431.11,Antigen,HealthMap
fba3fb09-b8a2-4d7a-9e2a-0ad8232ac3f7,Egypt,EGY,08-02-2020 20.05,Africa,96370006,20200727_EGY_759,FALSE,not accepted cases,460,20-09-2020,656.17,Rapid,HealthMap
59f851cc-15d2-4b1b-aead-9075fad7e738,Indonesia,IDN,19-02-2020 16.56,Asia,144679812,20200408_IDN_897,TRUE,accepted cases,2043,17-01-2020,9180.31,Rapid,Digital surveillance
883ad52f-0a80-44e7-928b-ad4707777a8a,Mexico,MEX,24-01-2020 14.32,America,146391512,20200304_MEX_698,TRUE,accepted cases,3051,07-09-2020,1775.84,Antigen,HealthMap
13a5f0cf-8a33-4d8c-85ea-1083869fb23a,Kenya,KEN,11-01-2020 8.47,Africa,63926034,20200525_KEN_029,FALSE,accepted cases,1334,19-10-2020,2143.19,PCR,Digital surveillance
f2531549-31fd-40d5-a434-73a425d55f43,Canada,CAN,18-01-2020 20.26,America,19627896,20201215_CAN_010,FALSE,accepted cases,1418,03-11-2020,2237.7,Rapid,HealthMap
e913f4a7-03d3-43a7-a7c4-1af3321eaf5c,Mexico,MEX,28-01-2020 12.54,America,123646254,20200421_MEX_478,FALSE,not accepted cases,4788,22-02-2020,,Rapid,HealthMap
d3894e44-1a52-48f8-bd3d-9c0a5d231b10,France,FRA,11-02-2020 19.38,Europe,52119327,20200225_FRA_494,TRUE,not accepted cases,2264,23-11-2020,,Antigen,HealthMap
5844a93a-a027-4e84-abf5-c9620cafc8db,Argentina,ARG,13-01-2020 4.33,America,33458525,20200130_ARG_825,FALSE,not accepted cases,1146,14-01-2020,9974.69,Antigen,HealthMap
a9a887a4-9aff-478c-b040-480ed3d7b332,South Africa,ZAF,25-01-2020 23.02,Africa,71648987,20201019_ZAF_836,TRUE,not accepted cases,1821,17-12-2020,7848.97,Rapid,HealthMap
e79dbb20-40d5-49b9-88d7-9eb2610ff80a,Germany,DEU,20-01-2020 5.53,Europe,115328159,20200402_DEU_301,TRUE,not accepted cases,1048,12-05-2020,5590.32,PCR,HealthMap
b9b4ce45-53a0-414a-9bad-5aaba56b0a9d,China,CHN,15-01-2020 11.14,Asia,1973935018,20200803_CHN_808,FALSE,not accepted cases,2134,26-10-2020,,PCR,HealthMap
958c0126-8aed-4d09-9532-7d5d10ee8f2a,India,IND,25-02-2020 20.37,Asia,1993141691,20200206_IND_484,TRUE,accepted cases,3126,28-09-2020,,PCR,Digital surveillance
a632a8ca-36c9-4a45-ba19-763dbcc57d50,Indonesia,IDN,13-01-2020 10.26,Asia,380976033,20200822_IDN_147,FALSE,accepted cases,662,06-09-2020,,PCR,HealthMap
06c7efa7-929e-4ef1-adca-e39c96c1f40a,India,IND,01-01-2020 14.17,Asia,1740452258,20200327_IND_591,TRUE,not accepted cases,721,07-03-2020,6334.88,Antigen,HealthMap
26ab971b-f391-44e8-9141-cac53f2ccabd,United Kingdom,GBR,25-01-2020 0.02,Europe,47480443,20200710_GBR_973,TRUE,not accepted cases,4350,07-04-2020,,PCR,Digital surveillance
5db5a5e1-28fe-4939-b661-8d9b71cb7d33,Brazil,BRA,14-02-2020 11.19,America,128111308,20200914_BRA_603,FALSE,accepted cases,534,24-01-2020,,Antigen,HealthMap
cc8ad3c2-bd9a-47ec-8ccd-be6587d6cb5f,Germany,DEU,08-02-2020 16.21,Europe,116289936,20200309_DEU_351,FALSE,not accepted cases,1543,25-03-2020,9182.05,Antigen,Digital surveillance
9bb7bcb9-8f42-437b-a945-2e9b79cf8a1d,Brazil,BRA,15-01-2020 23.08,America,262314606,20201028_BRA_517,TRUE,accepted cases,3003,30-12-2020,373.63,Rapid,HealthMap
25627d29-7dfa-4b42-83dc-a8dd1aeff89a,France,FRA,09-02-2020 1.38,Europe,75845856,20201130_FRA_857,TRUE,accepted cases,948,01-08-2020,1235.95,Antigen,HealthMap
ddac0108-0b89-48fd-aa1d-53d2782f3135,Indonesia,IDN,14-01-2020 22.43,Asia,139306821,20200803_IDN_678,TRUE,not accepted cases,4961,24-12-2020,,PCR,Digital surveillance
37011569-8ffc-489f-b5bf-a8edc3a80979,Argentina,ARG,08-01-2020 3.31,America,50122195,20200514_ARG_852,TRUE,not accepted cases,3356,31-05-2020,,Rapid,HealthMap
0726191d-c331-4aa1-8fc0-f6eb1f752383,Canada,CAN,14-02-2020 15.21,America,18974414,20201209_CAN_092,TRUE,not accepted cases,1221,16-02-2020,750.48,Rapid,Digital surveillance
cad6ce78-c596-4357-98ea-7a0167f27f31,Mexico,MEX,11-02-2020 7.29,America,98520742,20200126_MEX_103,TRUE,accepted cases,2380,03-07-2020,3127.07,Rapid,Digital surveillance
8316461d-551e-4213-b441-dfed11f871c0,Japan,JPN,24-02-2020 1.00,Asia,80741869,20201127_JPN_175,FALSE,not accepted cases,3585,14-11-2020,,Rapid,Digital surveillance
839003fc-35a0-46c2-9d87-4ee592939160,Kenya,KEN,22-02-2020 10.11,Africa,48435974,20200821_KEN_279,FALSE,not accepted cases,3454,28-11-2020,1667.79,PCR,Digital surveillance
3630c137-23e2-497d-a2eb-f17427c070ad,United States,USA,07-01-2020 13.58,America,325267980,20201018_USA_695,FALSE,accepted cases,3110,02-07-2020,8625.76,Rapid,Digital surveillance
add91988-0e93-4577-8e33-1fa278dcd976,United Kingdom,GBR,28-02-2020 15.07,Europe,61863453,20200124_GBR_065,FALSE,not accepted cases,101,26-12-2020,5248.18,Rapid,Digital surveillance
cbac3148-c11c-4a97-afca-93b7505c7fb9,Nigeria,NGA,03-02-2020 16.44,Africa,230513331,20200809_NGA_678,TRUE,not accepted cases,2832,05-12-2020,3848.77,Rapid,Digital surveillance
723c83ac-42d4-41c5-9a3f-cc61918b9b08,Afghanistan,AFG,11-02-2020 5.32,Asia,37732810,20200910_AFG_891,TRUE,accepted cases,4027,13-06-2020,,Antigen,Digital surveillance
9cbb2c4e-a890-4c2c-9917-1ec3b0438c00,Germany,DEU,15-01-2020 17.41,Europe,75680107,20200430_DEU_081,FALSE,not accepted cases,4694,17-08-2020,,Antigen,HealthMap
ebaae7ec-faba-41ae-9c4d-2e5ae97b2d77,Nigeria,NGA,08-01-2020 15.47,Africa,106732715,20200725_NGA_423,TRUE,accepted cases,744,05-11-2020,6375.38,Rapid,Digital surveillance
3abb8801-822c-48dd-964b-2d940444154e,Ethiopia,ETH,22-01-2020 11.52,Africa,151359759,20200820_ETH_340,FALSE,not accepted cases,3707,28-02-2020,,Rapid,Digital surveillance
833b724c-4915-4bbf-9c34-07d65c972f4d,Afghanistan,AFG,22-01-2020 11.53,Asia,57007973,20200529_AFG_561,FALSE,accepted cases,375,25-03-2020,8218.39,Rapid,HealthMap
816b1104-62e8-4253-aaf7-47271a20f945,Japan,JPN,17-01-2020 19.12,Asia,78509732,20200720_JPN_221,FALSE,accepted cases,2768,25-02-2020,465,Rapid,Digital surveillance
28adfa71-c0be-43f2-95ee-4f2fff905cc8,Ethiopia,ETH,30-01-2020 21.37,Africa,72960033,20200912_ETH_005,TRUE,not accepted cases,4793,04-09-2020,7810.81,PCR,Digital surveillance
e85d3890-e83f-4e9a-b39f-36e57c9dacb5,Indonesia,IDN,07-01-2020 12.42,Asia,302561093,20200613_IDN_517,FALSE,not accepted cases,4988,20-12-2020,2735.96,Antigen,HealthMap
de785782-d83e-4e66-a00c-a422a9beef73,Ethiopia,ETH,21-02-2020 4.08,Africa,126750166,20200919_ETH_307,FALSE,accepted cases,1645,17-04-2020,2905.79,Antigen,Digital surveillance
7d0a356e-53c1-43a7-9b52-092a31a6f015,United States,USA,02-02-2020 17.44,America,272210422,20200229_USA_780,FALSE,not accepted cases,4774,19-10-2020,7101.24,Rapid,HealthMap
7fb2b4e5-7881-4c71-8087-c07b88f39d53,Egypt,EGY,21-02-2020 0.33,Africa,53753411,20200315_EGY_055,TRUE,accepted cases,2187,23-03-2020,6833.9,PCR,Digital surveillance
1206b2d9-c5cd-4220-8c79-b61dd40d9321,Argentina,ARG,14-01-2020 17.02,America,59388431,20200222_ARG_631,TRUE,not accepted cases,1946,18-09-2020,7988.22,Antigen,Digital surveillance
08ede7e2-cd14-4b18-a095-1e2b8c2802cd,South Africa,ZAF,25-01-2020 13.50,Africa,48197443,20201009_ZAF_056,TRUE,not accepted cases,1663,13-11-2020,8604.45,Antigen,Digital surveillance
3e7d6284-d879-43f3-ba65-6d2112255348,Kenya,KEN,18-02-2020 18.34,Africa,59330547,20200409_KEN_302,FALSE,accepted cases,610,05-04-2020,7350.79,PCR,HealthMap
513d35a5-60ca-4289-b07f-cf129eac2171,India,IND,28-01-2020 8.35,Asia,869494574,20201026_IND_867,FALSE,accepted cases,2707,26-08-2020,1548.06,PCR,HealthMap
4c415b68-4ec7-4b3e-b35e-2d3be2c3ded2,Spain,ESP,04-01-2020 20.39,Europe,54323918,20200908_ESP_809,FALSE,accepted cases,2603,26-09-2020,,PCR,Digital surveillance
aaa3b66f-1d5d-427b-923b-17607b08a105,Germany,DEU,11-01-2020 13.34,Europe,75691843,20200627_DEU_227,TRUE,not accepted cases,2712,03-07-2020,,Rapid,HealthMap
d6fa4335-1922-4a93-b06f-459d8afd77a3,France,FRA,22-02-2020 20.00,Europe,76300717,20200816_FRA_247,TRUE,accepted cases,2629,14-07-2020,9449.88,Antigen,HealthMap
20a0242a-57a5-423b-b70f-308a26d45c4c,France,FRA,16-02-2020 9.01,Europe,66374533,20200710_FRA_527,FALSE,not accepted cases,359,31-05-2020,1925.12,Rapid,Digital surveillance
86a15e40-229e-408f-8258-66a4b34e76a6,Japan,JPN,11-01-2020 17.34,Asia,142530507,20200417_JPN_687,TRUE,not accepted cases,851,15-04-2020,7027.43,Rapid,HealthMap
e9f569af-e615-4364-8a58-3f348bde551c,China,CHN,17-02-2020 21.09,Asia,1380635687,20200618_CHN_039,TRUE,accepted cases,444,01-04-2020,5580.84,Rapid,Digital surveillance
d245e0f2-301d-49ad-b529-6111cbe8b505,Mexico,MEX,27-01-2020 12.28,America,116612973,20200610_MEX_018,FALSE,accepted cases,4381,04-01-2020,6183.49,Rapid,Digital surveillance
036ceb1f-bd98-476d-80e2-60ee0dc8fd02,China,CHN,23-01-2020 16.06,Asia,1852254105,20200603_CHN_622,TRUE,not accepted cases,3585,14-07-2020,,Rapid,Digital surveillance
16a8ec8f-ec7b-4a66-b583-bd1068ec1f6b,United Kingdom,GBR,11-01-2020 17.14,Europe,84637149,20201006_GBR_303,TRUE,not accepted cases,3056,06-01-2020,5550.7,PCR,Digital surveillance
d3622ee6-21eb-4cbb-a7f4-236a739156a3,Afghanistan,AFG,06-02-2020 19.25,Asia,40778427,20200213_AFG_313,TRUE,not accepted cases,1734,30-07-2020,8514.59,PCR,Digital surveillance
21fc46ef-2bf9-4199-babd-a0efd770a489,United States,USA,15-01-2020 19.53,America,229823817,20200402_USA_688,TRUE,not accepted cases,4502,07-02-2020,,PCR,HealthMap
15bebfee-5fe9-4093-900e-e369008efda2,Japan,JPN,13-01-2020 23.37,Asia,183585630,20200701_JPN_132,TRUE,accepted cases,2335,13-11-2020,,PCR,HealthMap
e3d9de9c-4555-40be-83a2-314c314302c1,United Kingdom,GBR,29-01-2020 10.39,Europe,54694095,20201026_GBR_157,FALSE,not accepted cases,3508,27-03-2020,,PCR,Digital surveillance
99163055-997f-4d96-a515-751ba07a4c4c,Egypt,EGY,18-01-2020 11.08,Africa,126175536,20200902_EGY_474,FALSE,not accepted cases,2502,06-09-2020,1757.7,Rapid,Digital surveillance
af09ab83-8dfe-4295-affc-69ec22412cc3,Mexico,MEX,24-02-2020 4.57,America,89792885,20201116_MEX_079,TRUE,accepted cases,4154,19-11-2020,,Rapid,HealthMap
a2a58fc1-6c71-4d68-95eb-cc46e0d53afc,Italy,ITA,14-01-2020 1.35,Europe,63090060,20201003_ITA_484,TRUE,not accepted cases,3215,24-04-2020,5896.01,Antigen,Digital surveillance
7b22a06f-33b1-4e1b-bf70-42f83f452ea7,Ethiopia,ETH,02-02-2020 16.05,Africa,99313084,20200106_ETH_679,TRUE,accepted cases,4211,12-03-2020,1791.45,Rapid,Digital surveillance
27cd76e3-3819-4246-85a0-b05ff74b83f5,United Kingdom,GBR,23-01-2020 1.14,Europe,67047085,20200202_GBR_271,FALSE,accepted cases,350,08-12-2020,,Antigen,HealthMap
e5b7c847-2cda-4bdb-a0f5-d1cd14a8720e,United Kingdom,GBR,28-02-2020 14.56,Europe,36651976,20201128_GBR_332,TRUE,not accepted cases,2157,23-10-2020,1738.5,Rapid,HealthMap
5de80fec-f174-41be-a17a-d685c484d8c7,Kenya,KEN,07-02-2020 20.57,Africa,31071069,20200508_KEN_386,TRUE,not accepted cases,2890,25-06-2020,4821.1,Rapid,Digital surveillance
8ae5339c-6e48-44e1-b819-2cdc4f970360,Germany,DEU,26-02-2020 4.28,Europe,61161504,20200920_DEU_659,FALSE,accepted cases,1230,05-04-2020,,Rapid,Digital surveillance
9534771d-0400-4230-8076-165b0d8417ad,Brazil,BRA,27-01-2020 10.46,America,208630606,20200902_BRA_491,TRUE,accepted cases,3366,12-01-2020,,PCR,Digital surveillance
883d0fe6-96f4-4253-b57d-7c24f1ff8230,Indonesia,IDN,10-02-2020 16.02,Asia,293290974,20200129_IDN_171,FALSE,accepted cases,4232,26-07-2020,5636.05,PCR,HealthMap
f5b424e2-5740-413e-9d68-8c7f49c07361,China,CHN,14-01-2020 14.38,Asia,1967990851,20200328_CHN_225,FALSE,accepted cases,4773,03-04-2020,5108.05,PCR,HealthMap
42bb4611-6bff-4941-8768-26d26b17e065,Ethiopia,ETH,08-02-2020 18.04,Africa,100962328,20200308_ETH_112,TRUE,accepted cases,4282,15-09-2020,8265.14,Rapid,Digital surveillance
7a352fbc-9987-48f6-b0bb-49b9c29374c9,United States,USA,31-01-2020 19.38,America,456039775,20200929_USA_516,TRUE,accepted cases,3950,03-12-2020,,Rapid,Digital surveillance
4f8a9a9a-14bf-45bb-9bc1-d86372010521,Egypt,EGY,03-02-2020 13.23,Africa,55612432,20200928_EGY_440,TRUE,not accepted cases,3123,28-06-2020,7413.94,Rapid,Digital surveillance
b5bbf38e-6645-4c0b-b495-7bed851e32a4,Egypt,EGY,09-01-2020 8.30,Africa,74961270,20200212_EGY_291,FALSE,not accepted cases,1548,03-01-2020,7894.22,Rapid,Digital surveillance
1eb455ab-c13d-4fb3-bab5-9ade2dbd0635,Germany,DEU,01-01-2020 12.41,Europe,99515779,20200610_DEU_419,FALSE,accepted cases,1267,06-08-2020,2536.33,Rapid,HealthMap
66892391-2e8b-4695-b880-554b44c13e21,Italy,ITA,24-01-2020 19.17,Europe,54261716,20200414_ITA_424,FALSE,accepted cases,3032,13-10-2020,2537.78,Antigen,HealthMap
ed3c95ad-c20f-42ea-8406-f57bbc60432f,South Africa,ZAF,17-02-2020 4.54,Africa,68755547,20200427_ZAF_458,TRUE,accepted cases,1756,17-09-2020,3384.38,Rapid,Digital surveillance
6ff7a5d0-719f-4395-8dd5-4abd6f71c439,United States,USA,25-01-2020 20.00,America,195651888,20200315_USA_483,FALSE,accepted cases,524,14-05-2020,,PCR,Digital surveillance
26700def-e2e5-4f63-b26c-404a280f1c99,South Africa,ZAF,29-02-2020 12.39,Africa,60554501,20201230_ZAF_987,TRUE,accepted cases,4049,12-08-2020,,Rapid,HealthMap
fa2da060-9e72-4474-95a8-e42f2c8a32d6,Canada,CAN,03-01-2020 19.32,America,45232074,20201110_CAN_174,TRUE,not accepted cases,1959,01-12-2020,,PCR,Digital surveillance
ccd754e2-21c9-4747-a036-9e5275806587,Mexico,MEX,19-02-2020 12.22,America,115413266,20201027_MEX_206,TRUE,accepted cases,738,08-10-2020,,Rapid,HealthMap
3bd0215f-d9c6-4d20-ad0c-d70ec7df6942,Kenya,KEN,22-02-2020 8.14,Africa,78670478,20200820_KEN_953,FALSE,accepted cases,2138,30-03-2020,1064.65,PCR,HealthMap
70ad5616-c367-4c79-adcb-1c6a2d96b04e,Nigeria,NGA,08-01-2020 16.16,Africa,213952978,20201021_NGA_257,FALSE,not accepted cases,4613,04-09-2020,7574.73,Antigen,HealthMap
79d29053-96fe-4ee6-a703-18e4f7457485,Italy,ITA,25-02-2020 0.30,Europe,45819166,20200714_ITA_649,TRUE,accepted cases,2586,30-07-2020,5165.04,PCR,HealthMap
8a2f9bef-2980-434e-9998-b5f887cb90cd,Brazil,BRA,19-01-2020 2.25,America,265441677,20200624_BRA_078,TRUE,not accepted cases,2571,30-06-2020,,Rapid,HealthMap
b7049c7e-4cd6-4561-84b2-22357c60ea01,United States,USA,17-02-2020 21.59,America,228447271,20200412_USA_241,TRUE,not accepted cases,1693,27-04-2020,,PCR,HealthMap
3aa6ae35-cd3a-476e-b52c-2d1f06dd1ed2,Indonesia,IDN,19-02-2020 3.07,Asia,158230012,20201205_IDN_505,TRUE,accepted cases,3950,09-07-2020,4923.4,Rapid,HealthMap
03196aa5-027c-431c-9391-5ab6864f1fe7,United Kingdom,GBR,12-01-2020 16.17,Europe,49019998,20201022_GBR_132,TRUE,not accepted cases,3918,03-10-2020,,Antigen,HealthMap
9791504c-121c-4f5a-8c29-3585c15b84d7,United States,USA,30-01-2020 3.44,America,317785910,20201218_USA_009,TRUE,accepted cases,3108,24-10-2020,,Antigen,HealthMap
7f6b4200-739f-483e-b255-7fb8a8767142,United States,USA,05-02-2020 8.15,America,321517890,20201109_USA_352,FALSE,accepted cases,4085,05-08-2020,,Rapid,HealthMap
3db6886d-8fb2-43af-bfe1-108acdbcef3a,Kenya,KEN,24-02-2020 12.17,Africa,36558524,20200308_KEN_590,TRUE,accepted cases,2211,30-04-2020,8563.09,PCR,Digital surveillance
37359814-4183-46c9-9eb2-97fff6b46369,Indonesia,IDN,31-01-2020 0.11,Asia,273413610,20201118_IDN_530,FALSE,not accepted cases,2457,08-05-2020,5678.35,Antigen,Digital surveillance
e6c40a69-ffcc-47a1-8473-1ca2b506835f,United States,USA,04-01-2020 6.52,America,323237138,20201118_USA_099,FALSE,not accepted cases,2128,03-07-2020,,Rapid,HealthMap
f27fdaaa-87cb-4aca-9383-7d764f1357b5,Kenya,KEN,02-01-2020 13.07,Africa,73525180,20201106_KEN_204,TRUE,not accepted cases,2909,15-06-2020,4874.94,Rapid,HealthMap
be3a536c-6598-4cdc-b74e-13968b702155,China,CHN,25-01-2020 19.18,Asia,1628900263,20200315_CHN_890,TRUE,not accepted cases,3455,19-11-2020,4047.73,PCR,Digital surveillance
74bc1529-1669-4af4-a859-bb162ed72028,United States,USA,22-01-2020 7.20,America,381650391,20201229_USA_274,FALSE,not accepted cases,3644,04-07-2020,5209.36,Antigen,HealthMap
4a61c730-f31a-4c9e-ace2-d05f654f0fe7,United States,USA,12-01-2020 0.08,America,243163548,20200508_USA_964,TRUE,accepted cases,1367,22-07-2020,,PCR,HealthMap
3832c52b-43ae-41f1-a29b-3c8dfaf3cc6d,France,FRA,04-01-2020 0.49,Europe,66838951,20200212_FRA_107,FALSE,accepted cases,690,01-12-2020,3898.46,PCR,Digital surveillance
de0b6ab1-2417-4232-b4e3-c693cc1e4352,Argentina,ARG,29-01-2020 20.08,America,46404414,20200328_ARG_030,TRUE,not accepted cases,2664,31-08-2020,8708.98,Antigen,HealthMap
59239e21-38ca-4073-bd57-b8cdee8ecfe5,Indonesia,IDN,14-02-2020 17.11,Asia,300215197,20201119_IDN_767,FALSE,not accepted cases,2844,03-09-2020,8047.08,Antigen,HealthMap
11579905-40b9-44a3-bf6f-9a16450d01fe,Kenya,KEN,27-01-2020 8.09,Africa,27453248,20200924_KEN_835,TRUE,not accepted cases,2349,28-08-2020,6877.7,Antigen,HealthMap
50cd216b-04f0-499d-8c0f-525abd5d2e44,Argentina,ARG,01-01-2020 13.51,America,49579933,20200104_ARG_562,FALSE,accepted cases,3372,14-10-2020,2498.96,Rapid,HealthMap
a280694c-b9f8-41a6-b268-b4579c61f699,South Africa,ZAF,15-01-2020 8.05,Africa,66741433,20200921_ZAF_783,FALSE,not accepted cases,4357,17-05-2020,8534.82,PCR,Digital surveillance
61cb4ef4-ac86-4479-a21a-26fe0600cc19,Argentina,ARG,08-01-2020 20.29,America,43061052,20201224_ARG_638,FALSE,accepted cases,2626,10-01-2020,,Rapid,Digital surveillance
a3aa30fe-4b8b-40cf-ab77-5ff583158a3d,United States,USA,07-01-2020 9.17,America,402233078,20200105_USA_239,TRUE,accepted cases,120,09-09-2020,,Antigen,HealthMap
11292bf8-8271-4777-a8a4-a7733e3ef451,United Kingdom,GBR,24-01-2020 14.44,Europe,36097512,20200211_GBR_864,TRUE,accepted cases,2183,19-07-2020,,Antigen,Digital surveillance
32d80cf3-282f-43f5-b8f7-3ac6ad84ed23,Canada,CAN,27-02-2020 8.52,America,50131093,20200303_CAN_998,TRUE,not accepted cases,3628,06-05-2020,335.1,Antigen,Digital surveillance
b513815b-0cc0-4ddd-b14c-e785605ebd1c,Germany,DEU,12-02-2020 6.30,Europe,98985894,20200608_DEU_959,FALSE,accepted cases,345,08-10-2020,2533.13,Rapid,HealthMap
3453fd7e-ffd7-40b0-894f-c6c72665890f,Canada,CAN,24-01-2020 1.55,America,27090874,20200227_CAN_242,FALSE,not accepted cases,123,26-03-2020,5846.97,Antigen,Digital surveillance
d52365ae-2b7e-42f3-be69-9299fac945eb,Afghanistan,AFG,03-01-2020 18.50,Asia,37965669,20201101_AFG_159,FALSE,accepted cases,2037,21-03-2020,6859.45,Antigen,Digital surveillance
78af7e32-8300-4291-a710-6f72864a7aed,India,IND,23-01-2020 20.09,Asia,1430172133,20200224_IND_129,FALSE,accepted cases,2594,12-10-2020,7566.98,Antigen,Digital surveillance
81f5fd24-fb10-44ab-a58c-2696be55dd9a,Afghanistan,AFG,14-02-2020 12.22,Asia,24709070,20200121_AFG_497,FALSE,not accepted cases,4446,22-12-2020,5667.02,Rapid,HealthMap
76417a90-8e5b-4695-bfac-2d19404d3a46,Nigeria,NGA,16-02-2020 14.17,Africa,274443857,20201010_NGA_165,TRUE,accepted cases,3681,31-05-2020,5416.06,Antigen,Digital surveillance
1a25ace0-bfa6-4c52-aaa1-d5a5ea844394,Germany,DEU,25-01-2020 23.11,Europe,43460394,20200705_DEU_795,TRUE,not accepted cases,518,03-12-2020,8190.5,PCR,HealthMap
c16072c1-d2c4-4215-9049-af146301669f,France,FRA,10-01-2020 19.18,Europe,59386135,20200613_FRA_114,TRUE,accepted cases,358,07-03-2020,,PCR,Digital surveillance
8e828077-4ec5-4ed1-8552-1fb64e569a57,Japan,JPN,01-02-2020 6.06,Asia,135457830,20200717_JPN_674,FALSE,not accepted cases,402,06-07-2020,,Rapid,Digital surveillance
88c5ff74-d2f2-48e0-a5d1-a90abc5a2987,Afghanistan,AFG,29-02-2020 6.41,Asia,55605387,20200210_AFG_480,TRUE,not accepted cases,4571,31-07-2020,7942.5,PCR,HealthMap
4112fa83-e455-4c7a-985c-ed8c3cc7c13c,Germany,DEU,03-01-2020 23.04,Europe,67354292,20200420_DEU_984,TRUE,accepted cases,1892,29-09-2020,,PCR,Digital surveillance
5ffd6fbd-8441-411d-b88e-028cc1db08a8,Italy,ITA,10-02-2020 5.35,Europe,63977173,20200224_ITA_785,FALSE,not accepted cases,3498,23-02-2020,,PCR,HealthMap
49403520-5669-4ff4-8e59-9cca949702ee,Germany,DEU,22-01-2020 21.10,Europe,125544671,20200814_DEU_956,FALSE,not accepted cases,4506,15-06-2020,4123.43,Rapid,HealthMap
08388361-999d-44ea-805a-c7cab878c71d,Nigeria,NGA,08-02-2020 7.36,Africa,147168852,20201008_NGA_949,FALSE,not accepted cases,3706,17-08-2020,1.96,PCR,HealthMap
f9e5e728-6d18-4a97-8401-76cefee46d18,Spain,ESP,02-01-2020 16.08,Europe,37489928,20200602_ESP_228,TRUE,not accepted cases,177,19-12-2020,9191.12,Rapid,Digital surveillance
c4984ed6-2ce7-4548-80cf-96526572cd69,Japan,JPN,03-01-2020 14.22,Asia,80743608,20200706_JPN_911,TRUE,accepted cases,2099,02-06-2020,,Antigen,Digital surveillance
254ede6d-6daa-4e7b-bd37-4b6115353f0b,China,CHN,16-02-2020 10.50,Asia,968524554,20201219_CHN_720,TRUE,not accepted cases,306,22-10-2020,,PCR,HealthMap
7de2eb3a-d840-42de-87ae-3ac193be50bd,Kenya,KEN,26-02-2020 13.26,Africa,73550050,20200426_KEN_766,TRUE,not accepted cases,443,05-06-2020,3193.17,Rapid,Digital surveillance
ddc09369-75bc-4961-b3bc-167fddc6d1c1,Nigeria,NGA,02-02-2020 22.14,Africa,113483928,20200720_NGA_995,FALSE,accepted cases,1819,09-08-2020,,Antigen,Digital surveillance
8a04a416-fee0-422d-adae-de63e237f788,Indonesia,IDN,22-01-2020 2.30,Asia,340623071,20201007_IDN_409,FALSE,accepted cases,3264,13-09-2020,6978.71,PCR,HealthMap
5711af02-1ab4-4d5c-8b50-700b6cc4b4dc,France,FRA,13-01-2020 15.25,Europe,69929515,20201014_FRA_631,TRUE,accepted cases,586,16-05-2020,3234.12,Rapid,Digital surveillance
69e2c0e9-e685-4799-bb48-30301c48ac74,Japan,JPN,12-02-2020 13.27,Asia,107290975,20200613_JPN_353,TRUE,not accepted cases,1386,28-06-2020,9901.59,Antigen,Digital surveillance
3aaefde5-002e-4d66-9996-412ce6359d2e,Ethiopia,ETH,03-01-2020 7.12,Africa,100457573,20200213_ETH_116,TRUE,accepted cases,1209,27-05-2020,,Rapid,Digital surveillance
b53ce5c3-c3f7-4608-8487-654e6ee0de3c,Argentina,ARG,29-01-2020 15.01,America,32044234,20201002_ARG_217,TRUE,not accepted cases,4495,04-09-2020,9923.02,Rapid,Digital surveillance
6c97a031-657a-411c-b810-9be6fc8a68d7,South Africa,ZAF,07-02-2020 21.33,Africa,44805126,20200131_ZAF_291,TRUE,not accepted cases,434,26-08-2020,83.34,Antigen,HealthMap
59528dec-115e-4f0f-bb6c-dc1ee96ebb50,Kenya,KEN,25-02-2020 3.01,Africa,73527431,20201128_KEN_396,TRUE,not accepted cases,4165,29-12-2020,,Antigen,HealthMap
15875c5a-f774-4982-b003-4ee74346aeb3,Spain,ESP,04-02-2020 2.11,Europe,46785207,20200822_ESP_575,TRUE,accepted cases,2026,28-09-2020,,Antigen,HealthMap
4dc3bce1-d52e-42d0-a009-6cf6f44a559c,United States,USA,02-01-2020 11.43,America,283132429,20200603_USA_242,FALSE,accepted cases,2110,17-07-2020,8148.59,PCR,HealthMap
242cf9b3-418a-41c9-b84c-dcdec8d2f787,Brazil,BRA,10-01-2020 10.57,America,245916740,20200214_BRA_748,FALSE,accepted cases,3418,03-05-2020,4264.65,Antigen,HealthMap
188139b5-7bdc-49ee-9c07-c4c58a336760,Ethiopia,ETH,04-02-2020 4.13,Africa,73413048,20201004_ETH_701,TRUE,accepted cases,2531,18-12-2020,5238.05,PCR,HealthMap
e603ee1d-dbb8-4b74-bae3-1c37ff93c8e5,Indonesia,IDN,11-02-2020 18.58,Asia,223604518,20201012_IDN_546,TRUE,accepted cases,2601,15-03-2020,7654.35,Antigen,HealthMap
83a11bbe-8e3e-40c4-97af-b238aeed186e,Argentina,ARG,29-01-2020 23.59,America,63008788,20200520_ARG_156,TRUE,accepted cases,1077,04-04-2020,,Rapid,HealthMap
41c4ccc6-c68a-40e7-8217-53ce3558d9f5,Spain,ESP,06-02-2020 19.14,Europe,34233031,20201217_ESP_027,FALSE,accepted cases,3904,09-03-2020,6047.12,Rapid,HealthMap
37c633e3-5cec-4bf0-ab49-8623a11b03a4,United States,USA,24-02-2020 12.31,America,211018401,20200408_USA_232,TRUE,not accepted cases,122,18-05-2020,2225.54,Rapid,Digital surveillance
68fcd644-b3fe-44f8-b93f-1c697978ee95,Canada,CAN,05-01-2020 5.59,America,51598393,20200907_CAN_705,FALSE,not accepted cases,2021,06-08-2020,418.26,Rapid,HealthMap
42a15678-24c3-4951-a401-8960b576cf2e,Nigeria,NGA,26-01-2020 19.47,Africa,225476678,20200925_NGA_657,TRUE,accepted cases,3699,21-08-2020,424.16,PCR,HealthMap
99c59024-39c4-424a-8c3e-6e2cf738f3d6,India,IND,05-02-2020 12.33,Asia,1560299961,20200126_IND_195,FALSE,not accepted cases,3260,04-06-2020,2859.15,PCR,HealthMap
02ecead6-ab12-4042-9663-b7193235a2aa,Argentina,ARG,09-02-2020 1.44,America,63440207,20200825_ARG_850,FALSE,accepted cases,4101,27-02-2020,,Rapid,Digital surveillance
877d281a-500f-48fb-a9d9-0b2855804080,South Africa,ZAF,27-01-2020 10.28,Africa,40263399,20201029_ZAF_919,TRUE,not accepted cases,738,08-05-2020,,Rapid,Digital surveillance
3a62945e-2b71-4262-a903-3468ccebd872,Japan,JPN,06-01-2020 3.45,Asia,143433465,20200213_JPN_537,FALSE,accepted cases,3102,08-10-2020,,PCR,HealthMap
833a47d1-3134-43e3-bab6-5ee5d148b49c,Italy,ITA,25-02-2020 21.55,Europe,40033231,20200315_ITA_184,TRUE,not accepted cases,2523,07-06-2020,9609.66,Antigen,Digital surveillance
f5edfa60-149b-4972-9b32-4ba80bb8941e,Japan,JPN,27-02-2020 4.12,Asia,141977457,20200509_JPN_013,FALSE,not accepted cases,4084,05-10-2020,6079.84,Antigen,Digital surveillance
e405e7a5-0042-4f1d-a752-b73d3da21ccb,Canada,CAN,07-02-2020 21.30,America,34351073,20200210_CAN_616,TRUE,accepted cases,4483,22-05-2020,5575.49,PCR,Digital surveillance
8ca56b35-bc7f-4ab8-8811-d6415d3fbc54,United States,USA,10-01-2020 1.41,America,177656091,20200117_USA_684,FALSE,not accepted cases,718,26-01-2020,,PCR,Digital surveillance
92b4ec1a-201f-4f12-a9a8-39e9bf19f190,Argentina,ARG,09-02-2020 21.44,America,49487970,20201014_ARG_182,FALSE,not accepted cases,293,17-02-2020,3228.22,Antigen,Digital surveillance
e2da7b32-4573-4006-856f-f19cc388ec35,Egypt,EGY,23-02-2020 17.04,Africa,99347963,20200303_EGY_712,FALSE,not accepted cases,4317,30-07-2020,6958.29,Rapid,Digital surveillance
5507813b-c576-4fe3-a2bd-00db3737756f,Japan,JPN,06-02-2020 23.40,Asia,188094434,20200904_JPN_742,FALSE,not accepted cases,4987,11-06-2020,,Rapid,HealthMap
61c30392-dfa7-4ece-8806-a3e708fd20b9,Indonesia,IDN,09-02-2020 18.31,Asia,336211054,20200911_IDN_505,TRUE,accepted cases,2379,09-04-2020,,PCR,HealthMap
c8ac2c7b-8c6f-4d85-bbab-dd72e7653e28,Japan,JPN,17-02-2020 6.51,Asia,189586571,20200730_JPN_047,FALSE,not accepted cases,4590,22-11-2020,,Rapid,Digital surveillance
a7123a45-5a28-4714-a496-2273743ac33c,Argentina,ARG,17-01-2020 2.19,America,45498116,20200614_ARG_786,TRUE,accepted cases,2730,23-06-2020,,Rapid,Digital surveillance
76edd263-9854-40d4-b464-04188ffb5ea7,United States,USA,13-01-2020 10.53,America,470778372,20200902_USA_939,FALSE,accepted cases,1112,03-09-2020,,Antigen,HealthMap
0da0f1ff-fc73-4bc4-ae5d-4ed0e22ff449,Ethiopia,ETH,20-02-2020 13.59,Africa,63922316,20200923_ETH_307,FALSE,accepted cases,1706,22-10-2020,7995.35,Antigen,Digital surveillance
f1466356-3380-415e-824d-f8ff48845138,Indonesia,IDN,18-01-2020 0.21,Asia,308127319,20200325_IDN_585,FALSE,accepted cases,4875,29-02-2020,7515.4,Rapid,HealthMap
c420f7a1-488f-4b4a-9a20-99d476f027e4,India,IND,18-01-2020 13.05,Asia,1900333289,20200709_IND_463,FALSE,accepted cases,4301,03-06-2020,,Antigen,Digital surveillance
4dfd5dff-14f0-4303-b49f-eb84c795c14b,Canada,CAN,28-02-2020 2.28,America,19812169,20200904_CAN_927,TRUE,accepted cases,2786,04-09-2020,5236.28,Antigen,Digital surveillance
a77653c9-a7d8-4c2a-a8c2-d13fe047833b,Japan,JPN,22-02-2020 16.43,Asia,89189570,20200119_JPN_471,FALSE,accepted cases,33,08-06-2020,6870.52,Rapid,Digital surveillance
44c5ec55-13d5-45c0-a917-c2969c6bb529,Nigeria,NGA,30-01-2020 1.06,Africa,261009862,20200608_NGA_024,FALSE,accepted cases,2628,12-04-2020,,Antigen,HealthMap
9265c10b-478a-4b67-b720-27c10a103035,Ethiopia,ETH,12-02-2020 3.17,Africa,75588100,20200228_ETH_016,TRUE,accepted cases,4444,28-06-2020,2710.52,Rapid,HealthMap
c40545a6-dcc5-48d3-b799-b0b98dd15f92,Italy,ITA,16-01-2020 5.04,Europe,67309906,20200622_ITA_554,FALSE,accepted cases,1065,15-01-2020,6754.96,PCR,HealthMap
a8ed428f-44a1-4b8a-94c6-3ad1c977baaa,India,IND,06-01-2020 13.25,Asia,1662460361,20201030_IND_645,FALSE,not accepted cases,2559,19-06-2020,7128.99,Rapid,Digital surveillance
59b73086-cb4c-4e53-978a-e0222cd9ce7a,Ethiopia,ETH,06-02-2020 4.05,Africa,149722886,20201223_ETH_480,TRUE,not accepted cases,2542,16-12-2020,7664.93,Antigen,Digital surveillance
0adf5e3c-e0bd-4f22-b38f-d2220b0a2269,Brazil,BRA,10-01-2020 19.16,America,183534289,20200403_BRA_717,FALSE,not accepted cases,3713,06-09-2020,,Antigen,Digital surveillance
f44c8144-694a-4ed7-829b-342b6904ed7b,Kenya,KEN,31-01-2020 14.54,Africa,42062992,20200627_KEN_619,TRUE,accepted cases,3323,31-12-2020,3258.7,Rapid,Digital surveillance
983eaed9-2b36-4a30-8fbd-46159b4aba3f,Argentina,ARG,04-02-2020 14.25,America,41283713,20201113_ARG_250,TRUE,not accepted cases,3144,03-02-2020,,Rapid,HealthMap
dfd90532-ae49-4d59-bf83-5e4bbfb45cb3,Egypt,EGY,06-02-2020 10.34,Africa,75333913,20201205_EGY_686,TRUE,not accepted cases,936,30-10-2020,3253.78,PCR,HealthMap
b16492c0-393d-41b1-af03-1b87913df341,United States,USA,20-01-2020 12.04,America,201496087,20201101_USA_790,FALSE,not accepted cases,4049,26-11-2020,905.33,PCR,Digital surveillance
eb0fc863-b759-4eb9-a62d-b7aa893953b7,Indonesia,IDN,12-02-2020 4.28,Asia,216494831,20201111_IDN_592,FALSE,accepted cases,1684,14-12-2020,2997.35,Rapid,HealthMap
5496d5ea-5a93-45ab-bdb3-650853b9438c,Egypt,EGY,15-02-2020 11.05,Africa,51998080,20200918_EGY_414,TRUE,not accepted cases,511,08-07-2020,9679,PCR,HealthMap
396fbc08-8e90-404e-be3f-057cf18dcb21,Japan,JPN,25-02-2020 9.55,Asia,92990701,20201225_JPN_605,FALSE,not accepted cases,3135,26-07-2020,,Rapid,Digital surveillance
e35b5e47-dd0f-4697-9fad-ef105b073ce3,United States,USA,31-01-2020 4.12,America,292803309,20200703_USA_861,FALSE,accepted cases,2363,09-12-2020,,PCR,Digital surveillance
f3cb5214-8a8e-49f1-9991-02433eccc01b,Afghanistan,AFG,10-01-2020 23.56,Asia,45076165,20200310_AFG_087,TRUE,not accepted cases,3735,22-12-2020,4257.04,PCR,HealthMap
b46713b4-a746-4fa6-991c-f61cd52ab3c4,Germany,DEU,28-01-2020 17.52,Europe,74124886,20200425_DEU_191,FALSE,accepted cases,4734,12-09-2020,2367.5,Rapid,HealthMap
b16e2d99-f1f8-4acc-8499-0e7e3cd451eb,Egypt,EGY,29-02-2020 17.36,Africa,54591503,20200120_EGY_582,FALSE,not accepted cases,927,24-10-2020,6904.97,PCR,HealthMap
e1ad100a-8b0a-4f8e-ad8d-7cf1f076d993,Ethiopia,ETH,03-02-2020 2.33,Africa,127617700,20200505_ETH_484,TRUE,not accepted cases,432,24-06-2020,107.83,Antigen,HealthMap
b8b2e3a0-b0bf-4463-ad1e-bad881e59570,Italy,ITA,16-02-2020 10.26,Europe,88309412,20200530_ITA_297,TRUE,accepted cases,4895,04-06-2020,5637.06,PCR,HealthMap
ec72d5ca-f33b-4c07-be26-b14d9c695429,Italy,ITA,11-01-2020 18.03,Europe,90110178,20201115_ITA_028,FALSE,not accepted cases,675,05-03-2020,8514.45,Antigen,HealthMap
2b5de777-dab8-4d84-b52b-b064c0f36e4f,Indonesia,IDN,09-02-2020 8.17,Asia,207045265,20200227_IDN_619,TRUE,accepted cases,3658,08-07-2020,2612.53,Rapid,Digital surveillance
83d1a6cc-6608-44db-a81a-891cdab1973d,United Kingdom,GBR,12-01-2020 16.55,Europe,57217588,20200213_GBR_991,TRUE,accepted cases,4062,30-07-2020,2379.47,Antigen,Digital surveillance
4c0ceca0-bb6d-4613-9215-a2dd1c72ff6f,Canada,CAN,06-02-2020 23.53,America,20921449,20200515_CAN_774,TRUE,accepted cases,1372,25-08-2020,,Antigen,HealthMap
4a671227-61e1-4207-964d-f50c49d16254,France,FRA,15-01-2020 12.43,Europe,58098025,20200514_FRA_149,FALSE,accepted cases,2365,17-08-2020,,Antigen,Digital surveillance
e6390a65-ddaa-4ef6-ac4e-e57e18f69f38,Japan,JPN,28-02-2020 17.40,Asia,184172955,20200809_JPN_626,FALSE,not accepted cases,2214,16-05-2020,2553.44,Rapid,HealthMap
ee1a62ab-240b-41b0-a316-dc44444f0053,Ethiopia,ETH,19-02-2020 21.47,Africa,141901103,20201028_ETH_789,TRUE,not accepted cases,1473,09-06-2020,6728.02,PCR,Digital surveillance
b4541b68-f585-4709-85e0-1ae2c89f2c69,Egypt,EGY,07-01-2020 16.06,Africa,96802431,20200422_EGY_743,FALSE,not accepted cases,1581,18-01-2020,,PCR,Digital surveillance
666a5d9c-173d-4cde-9145-0f8fb0d34fc3,Spain,ESP,12-02-2020 6.38,Europe,29071659,20200302_ESP_089,TRUE,not accepted cases,4637,04-04-2020,6956.54,Antigen,HealthMap
4bbffc4f-0d12-4213-ae23-7f6774a4abb9,Ethiopia,ETH,12-02-2020 2.40,Africa,163558166,20200521_ETH_788,FALSE,not accepted cases,2108,23-03-2020,2772.87,PCR,HealthMap
9880e5e3-f7b8-4646-a124-15fb285d9fc1,South Africa,ZAF,22-01-2020 1.16,Africa,45351270,20200813_ZAF_072,FALSE,accepted cases,4999,20-07-2020,,Antigen,Digital surveillance
fb8f78b7-3c2c-4b5c-9bec-eafdabd13e0f,Indonesia,IDN,04-02-2020 13.13,Asia,312729988,20200814_IDN_733,FALSE,accepted cases,285,07-02-2020,,Rapid,HealthMap
5c40d886-596c-4b68-b6b8-5cae59e124ac,Ethiopia,ETH,02-01-2020 15.09,Africa,131097034,20200120_ETH_681,FALSE,not accepted cases,1241,24-12-2020,,Antigen,Digital surveillance
1b828326-1078-4529-98c7-71e098b1855b,Germany,DEU,15-02-2020 15.30,Europe,75733373,20200205_DEU_554,TRUE,accepted cases,3149,18-12-2020,4820.66,Rapid,HealthMap
85d14f09-29b3-4510-ad1f-00a82f1331e7,Nigeria,NGA,13-02-2020 9.25,Africa,233406193,20201127_NGA_093,FALSE,not accepted cases,659,23-08-2020,2899.59,PCR,Digital surveillance
fe9dbf39-41ba-40ab-94d6-b815bc722b2a,France,FRA,03-01-2020 12.42,Europe,52145072,20200718_FRA_918,TRUE,not accepted cases,3985,13-02-2020,4379.84,PCR,Digital surveillance
06796a75-5473-4bf6-86b7-9e26d46efdc5,India,IND,13-01-2020 0.46,Asia,1019112719,20200718_IND_065,FALSE,not accepted cases,4374,18-08-2020,164.18,Antigen,Digital surveillance
8c7ec675-abc7-4bdb-9d81-d8fd0e969ced,Nigeria,NGA,20-02-2020 23.02,Africa,127432836,20201130_NGA_684,FALSE,accepted cases,4746,29-04-2020,368.78,PCR,HealthMap
a3db9830-d026-4f52-a7ca-7fc90838e9ad,Afghanistan,AFG,31-01-2020 19.02,Asia,46764491,20200307_AFG_015,TRUE,accepted cases,2517,19-02-2020,1706.89,Rapid,Digital surveillance
a09e5311-40ac-487e-9fa1-0b57e1f86fed,Japan,JPN,08-01-2020 15.38,Asia,141100747,20200202_JPN_824,TRUE,not accepted cases,2763,13-12-2020,1208.02,Rapid,Digital surveillance
220a08dc-7e07-4d70-b983-6203a2006ba5,Nigeria,NGA,23-02-2020 6.48,Africa,225328144,20200620_NGA_065,TRUE,not accepted cases,1157,31-07-2020,,Antigen,Digital surveillance
e346e55a-a5e1-408d-8b16-93ec1f712d5d,Ethiopia,ETH,16-01-2020 18.02,Africa,68974456,20201119_ETH_628,FALSE,accepted cases,128,06-09-2020,,PCR,Digital surveillance
d07d61c8-9ed1-4774-b565-9bafe075504a,China,CHN,15-02-2020 20.37,Asia,1128043447,20201221_CHN_827,FALSE,accepted cases,1688,14-03-2020,5230.87,Antigen,Digital surveillance
971888f5-d9ed-4d37-b7ab-e2deddbc949a,United States,USA,09-02-2020 22.02,America,225081957,20200912_USA_627,TRUE,not accepted cases,2849,02-08-2020,,PCR,Digital surveillance
153b89fa-ce7e-4230-8a21-4b17f697dfa7,Japan,JPN,03-02-2020 3.39,Asia,172353401,20201003_JPN_520,TRUE,not accepted cases,1704,21-05-2020,,PCR,Digital surveillance
ee679f10-1b90-4b6b-8788-ae4bc73d7c5e,United Kingdom,GBR,01-02-2020 5.10,Europe,96579597,20200128_GBR_661,FALSE,not accepted cases,1716,10-08-2020,,Rapid,HealthMap
8a23df51-411d-46f9-a3f4-379f8884a3e6,India,IND,07-01-2020 23.03,Asia,1431562231,20200321_IND_805,TRUE,not accepted cases,4218,29-02-2020,,PCR,HealthMap
d3e47fc0-93a6-4437-a5a8-da1ded83ffc3,Italy,ITA,07-02-2020 10.26,Europe,75401142,20200615_ITA_236,TRUE,not accepted cases,1865,20-02-2020,,Antigen,Digital surveillance
3c1df1e4-5674-4904-9383-77ced7a106f3,South Africa,ZAF,27-02-2020 7.04,Africa,64355400,20200128_ZAF_912,FALSE,accepted cases,1770,08-11-2020,3873.3,PCR,HealthMap
d7775726-9b2e-40f9-a963-0b6aac6f81c2,Canada,CAN,10-02-2020 11.17,America,31548339,20200117_CAN_709,TRUE,not accepted cases,1118,26-02-2020,4585.79,PCR,HealthMap
c0889e1f-f39a-4394-8d4a-9ca930253f15,Brazil,BRA,26-02-2020 9.38,America,274105351,20201122_BRA_976,TRUE,accepted cases,708,29-07-2020,4892.13,PCR,HealthMap
02226fa4-bde8-4c8c-b708-8374c8056668,Ethiopia,ETH,18-01-2020 0.46,Africa,142115557,20200506_ETH_254,FALSE,not accepted cases,4746,23-04-2020,5917.72,PCR,Digital surveillance
069fec3d-f0e0-4467-b754-bad5a6d68667,Egypt,EGY,03-01-2020 1.30,Africa,129822078,20200118_EGY_436,FALSE,not accepted cases,802,19-08-2020,830.92,PCR,HealthMap
ef921fe2-83cb-4d41-bfba-909b86cbaaf3,Canada,CAN,09-01-2020 11.18,America,43314413,20200216_CAN_017,FALSE,not accepted cases,1325,26-12-2020,5703.81,Rapid,Digital surveillance
ff8d5e39-3afe-4161-9027-ffcb49ed7496,Ethiopia,ETH,30-01-2020 4.55,Africa,104083476,20200708_ETH_642,FALSE,accepted cases,579,16-07-2020,3329.06,PCR,HealthMap
d5fe70ff-89be-4183-95f6-38e7c00b3034,Egypt,EGY,18-02-2020 8.44,Africa,106676975,20200416_EGY_807,TRUE,not accepted cases,449,20-09-2020,6746.53,PCR,Digital surveillance
aef26ffd-1194-4eb0-8bd3-885861f09045,South Africa,ZAF,24-01-2020 14.39,Africa,51335890,20200330_ZAF_664,TRUE,accepted cases,1133,20-06-2020,,PCR,HealthMap
a1876be9-95be-4595-88a0-930cf732ffa2,Italy,ITA,25-02-2020 22.13,Europe,75275983,20200425_ITA_329,FALSE,not accepted cases,4125,14-12-2020,544.6,Antigen,HealthMap
d5448cef-c71f-4c6d-a12d-ad85044e3309,Ethiopia,ETH,01-02-2020 16.33,Africa,71588910,20201229_ETH_545,FALSE,not accepted cases,3015,10-12-2020,8087.96,PCR,Digital surveillance
e4b772c4-1260-43eb-8598-8d8a98ba4c4e,Ethiopia,ETH,06-01-2020 2.25,Africa,78038642,20200209_ETH_112,TRUE,not accepted cases,917,22-12-2020,,PCR,Digital surveillance
dffd9642-91a0-494f-9178-62680aaf3a7b,Germany,DEU,10-02-2020 0.18,Europe,123126753,20201004_DEU_955,TRUE,not accepted cases,2840,03-08-2020,6446.84,Antigen,Digital surveillance
39a85b2c-a705-4203-9db4-aaef28a34d34,China,CHN,02-01-2020 7.53,Asia,1647553670,20200729_CHN_593,FALSE,not accepted cases,3982,30-10-2020,5301.66,Rapid,HealthMap
0b6583bc-8086-4934-b8e0-6c2098117ee9,Ethiopia,ETH,20-01-2020 18.08,Africa,148228102,20200328_ETH_809,FALSE,accepted cases,3966,09-07-2020,7697.5,PCR,Digital surveillance
2f69b08d-98da-4ab3-b2d5-f21ceed254db,Kenya,KEN,19-01-2020 14.10,Africa,76577403,20201230_KEN_549,FALSE,accepted cases,1436,28-12-2020,6663.56,PCR,Digital surveillance
2ced139b-a5b9-46df-a2d2-f8a0a4e7be13,Brazil,BRA,08-01-2020 1.20,America,133162844,20200513_BRA_379,TRUE,accepted cases,4607,28-12-2020,,Antigen,HealthMap
af54e698-1ab0-4464-858a-661216a7aee6,Indonesia,IDN,24-01-2020 14.34,Asia,282725758,20200303_IDN_943,TRUE,not accepted cases,4091,15-03-2020,9278.11,PCR,Digital surveillance
7e0249e7-24b1-4af3-8159-72d337879e03,France,FRA,02-02-2020 10.41,Europe,51928790,20200528_FRA_993,TRUE,not accepted cases,2774,18-12-2020,,Antigen,Digital surveillance
1167dff9-55a0-486f-a4d6-7a538c56bda5,Indonesia,IDN,13-02-2020 17.07,Asia,143543988,20201112_IDN_862,TRUE,not accepted cases,2927,17-02-2020,,Rapid,Digital surveillance
5abffaf4-2435-4384-bd09-3060dde4894b,Italy,ITA,03-02-2020 7.50,Europe,76610884,20200410_ITA_024,TRUE,not accepted cases,715,19-09-2020,,Antigen,HealthMap
c7aae505-c750-4773-b089-0ae890d54888,Spain,ESP,08-02-2020 16.03,Europe,54551903,20200722_ESP_152,FALSE,not accepted cases,3163,09-07-2020,,Antigen,HealthMap
f211e011-b106-4d2a-bbed-2331c6363092,Argentina,ARG,29-01-2020 17.05,America,55493782,20200815_ARG_760,FALSE,not accepted cases,2364,24-03-2020,9703.61,Antigen,HealthMap
17b4f748-09bc-4152-a55d-2087080b00b5,Indonesia,IDN,23-02-2020 18.38,Asia,176050543,20200604_IDN_487,FALSE,accepted cases,4838,11-07-2020,,Antigen,HealthMap
fafc331e-8c23-4299-8cf9-dc06ce56bc62,Egypt,EGY,12-01-2020 17.29,Africa,109284580,20200311_EGY_205,TRUE,not accepted cases,2371,10-10-2020,8227.99,Antigen,HealthMap
8ceed4b6-d3d5-4b04-aea3-8b36e2d9025c,United Kingdom,GBR,05-02-2020 23.29,Europe,35765067,20200102_GBR_158,FALSE,not accepted cases,3871,04-03-2020,8926.87,Antigen,Digital surveillance
bc949746-0216-4a39-9b74-f1effb8f7e7d,United Kingdom,GBR,28-02-2020 22.41,Europe,35873859,20200521_GBR_505,TRUE,not accepted cases,4760,03-09-2020,8683.46,Rapid,HealthMap
ddf13bd3-abbb-46d9-93e2-bf8ef578c2e6,Japan,JPN,24-01-2020 16.46,Asia,65457270,20200512_JPN_167,TRUE,accepted cases,2618,24-08-2020,1354.97,PCR,Digital surveillance
61cf5675-df91-4953-b29a-00781ab5914d,Mexico,MEX,24-01-2020 13.40,America,187617315,20200125_MEX_297,FALSE,accepted cases,4209,09-04-2020,1832.47,PCR,Digital surveillance
5ab3c724-9230-4427-8250-06d708aefb91,France,FRA,21-01-2020 10.52,Europe,77346966,20200603_FRA_278,FALSE,accepted cases,4377,23-10-2020,,PCR,Digital surveillance
df1e03f6-c415-4a88-8100-daa3c2b778b8,Indonesia,IDN,03-02-2020 9.23,Asia,269393141,20200623_IDN_944,TRUE,accepted cases,1784,20-03-2020,8315.74,Rapid,Digital surveillance
